DROP DATABASE IF EXISTS vk;
CREATE DATABASE vk;
USE vk;

DROP TABLE IF EXISTS users;
CREATE TABLE users (
	id SERIAL PRIMARY KEY, -- SERIAL = BIGINT UNSIGNED NOT NULL AUTO_INCREMENT UNIQUE
    firstname VARCHAR(50),
    lastname VARCHAR(50) COMMENT 'Фамиль', -- COMMENT на случай, если имя неочевидное
    email VARCHAR(120) UNIQUE,
    phone BIGINT, 
    INDEX users_phone_idx(phone), -- как выбирать индексы?
    INDEX users_firstname_lastname_idx(firstname, lastname)
);

DROP TABLE IF EXISTS `profiles`;
CREATE TABLE `profiles` (
	user_id SERIAL PRIMARY KEY,
    gender CHAR(1),
    birthday DATE,
	photo_id BIGINT UNSIGNED NULL,
    created_at DATETIME DEFAULT NOW(),
    hometown VARCHAR(100),
    FOREIGN KEY (user_id) REFERENCES users(id) -- что за зверь в целом?
    	ON UPDATE CASCADE -- как это работает? Какие варианты?
    	ON DELETE restrict -- как это работает? Какие варианты?
    -- , FOREIGN KEY (photo_id) REFERENCES media(id) -- пока рано, т.к. таблицы media еще нет
);

DROP TABLE IF EXISTS messages;
CREATE TABLE messages (
	id SERIAL PRIMARY KEY,
	from_user_id BIGINT UNSIGNED NOT NULL,
    to_user_id BIGINT UNSIGNED NOT NULL,
    body TEXT,
    created_at DATETIME DEFAULT NOW(), -- можно будет даже не упоминать это поле при вставке
    INDEX messages_from_user_id (from_user_id),
    INDEX messages_to_user_id (to_user_id),
    FOREIGN KEY (from_user_id) REFERENCES users(id),
    FOREIGN KEY (to_user_id) REFERENCES users(id)
);

DROP TABLE IF EXISTS friend_requests;
CREATE TABLE friend_requests (
	-- id SERIAL PRIMARY KEY, -- изменили на композитный ключ (initiator_user_id, target_user_id)
	initiator_user_id BIGINT UNSIGNED NOT NULL,
    target_user_id BIGINT UNSIGNED NOT NULL,
    -- `status` TINYINT UNSIGNED,
    `status` ENUM('requested', 'approved', 'unfriended', 'declined'),
    -- `status` TINYINT UNSIGNED, -- в этом случае в коде хранили бы цифирный enum (0, 1, 2, 3...)
	requested_at DATETIME DEFAULT NOW(),
	confirmed_at DATETIME,
	
    PRIMARY KEY (initiator_user_id, target_user_id),
	INDEX (initiator_user_id), -- потому что обычно будем искать друзей конкретного пользователя
    INDEX (target_user_id),
    FOREIGN KEY (initiator_user_id) REFERENCES users(id),
    FOREIGN KEY (target_user_id) REFERENCES users(id)
);

DROP TABLE IF EXISTS communities;
CREATE TABLE communities(
	id SERIAL PRIMARY KEY,
	name VARCHAR(150),

	INDEX communities_name_idx(name)
);

DROP TABLE IF EXISTS users_communities;
CREATE TABLE users_communities(
	user_id BIGINT UNSIGNED NOT NULL,
	community_id BIGINT UNSIGNED NOT NULL,
  
	PRIMARY KEY (user_id, community_id), -- чтобы не было 2 записей о пользователе и сообществе
    FOREIGN KEY (user_id) REFERENCES users(id),
    FOREIGN KEY (community_id) REFERENCES communities(id)
);

DROP TABLE IF EXISTS media_types;
CREATE TABLE media_types(
	id SERIAL PRIMARY KEY,
    name VARCHAR(255),
    created_at DATETIME DEFAULT NOW(),
    updated_at DATETIME DEFAULT CURRENT_TIMESTAMP ON UPDATE CURRENT_TIMESTAMP

    -- записей мало, поэтому индекс будет лишним (замедлит работу)!
);

DROP TABLE IF EXISTS media;
CREATE TABLE media(
	id SERIAL PRIMARY KEY,
    media_type_id BIGINT UNSIGNED NOT NULL,
    user_id BIGINT UNSIGNED NOT NULL,
  	body text,
    filename VARCHAR(255),
    size INT,
	metadata TEXT,
    created_at DATETIME DEFAULT NOW(),
    updated_at DATETIME DEFAULT CURRENT_TIMESTAMP ON UPDATE CURRENT_TIMESTAMP,

    INDEX (user_id),
    FOREIGN KEY (user_id) REFERENCES users(id),
    FOREIGN KEY (media_type_id) REFERENCES media_types(id)
);

DROP TABLE IF EXISTS likes;
CREATE TABLE likes(
	id SERIAL PRIMARY KEY,
    user_id BIGINT UNSIGNED NOT NULL,
    media_id BIGINT UNSIGNED NOT NULL,
    created_at DATETIME DEFAULT NOW(),

    -- PRIMARY KEY (user_id, media_id) – можно было и так вместо id в качестве PK
  	-- слишком увлекаться индексами тоже опасно, рациональнее их добавлять по мере необходимости (напр., провисают по времени какие-то запросы)  

    -- намеренно забыли, чтобы увидеть нехватку в ER-диаграмме
    
    FOREIGN KEY (user_id) REFERENCES users(id), 
    FOREIGN KEY (media_id) REFERENCES media(id)
);

DROP TABLE IF EXISTS `photo_albums`;
CREATE TABLE `photo_albums` (
	`id` SERIAL,
	`name` varchar(255) DEFAULT NULL,
    `user_id` BIGINT UNSIGNED DEFAULT NULL,

    FOREIGN KEY (user_id) REFERENCES users(id),
  	PRIMARY KEY (`id`)
);

DROP TABLE IF EXISTS `photos`;
CREATE TABLE `photos` (
	id SERIAL PRIMARY KEY,
	`album_id` BIGINT unsigned NOT NULL,
	`media_id` BIGINT unsigned NOT NULL,

	FOREIGN KEY (album_id) REFERENCES photo_albums(id),
    FOREIGN KEY (media_id) REFERENCES media(id)
);


-- INSERT DATA

#
# TABLE: users
#

INSERT INTO `users` (`id`, `firstname`, `lastname`, `email`, `phone`) VALUES ('1', 'Alanis', 'Glover', 'gabbott@example.org', '0');
INSERT INTO `users` (`id`, `firstname`, `lastname`, `email`, `phone`) VALUES ('2', 'Ralph', 'Daniel', 'augustus72@example.net', '985');
INSERT INTO `users` (`id`, `firstname`, `lastname`, `email`, `phone`) VALUES ('3', 'John', 'Zieme', 'dschuster@example.com', '813619');
INSERT INTO `users` (`id`, `firstname`, `lastname`, `email`, `phone`) VALUES ('4', 'Jerome', 'Oberbrunner', 'orin68@example.org', '0');
INSERT INTO `users` (`id`, `firstname`, `lastname`, `email`, `phone`) VALUES ('5', 'Alta', 'Daniel', 'elyse.stehr@example.net', '1');
INSERT INTO `users` (`id`, `firstname`, `lastname`, `email`, `phone`) VALUES ('6', 'Leonor', 'Becker', 'kuhn.ashton@example.org', '5238743151');
INSERT INTO `users` (`id`, `firstname`, `lastname`, `email`, `phone`) VALUES ('7', 'Alexandra', 'Ullrich', 'clara91@example.com', '0');
INSERT INTO `users` (`id`, `firstname`, `lastname`, `email`, `phone`) VALUES ('8', 'Jaylin', 'Hand', 'mac.muller@example.com', '0');
INSERT INTO `users` (`id`, `firstname`, `lastname`, `email`, `phone`) VALUES ('9', 'Orland', 'Lebsack', 'qtoy@example.net', '971059');
INSERT INTO `users` (`id`, `firstname`, `lastname`, `email`, `phone`) VALUES ('10', 'Hipolito', 'West', 'cyril86@example.org', '1');
INSERT INTO `users` (`id`, `firstname`, `lastname`, `email`, `phone`) VALUES ('11', 'Willie', 'Mueller', 'smitchell@example.org', '700646');
INSERT INTO `users` (`id`, `firstname`, `lastname`, `email`, `phone`) VALUES ('12', 'Ernestine', 'Dach', 'doyle.rutherford@example.com', '1652340943');
INSERT INTO `users` (`id`, `firstname`, `lastname`, `email`, `phone`) VALUES ('13', 'Aiyana', 'Rutherford', 'earnestine.moen@example.org', '0');
INSERT INTO `users` (`id`, `firstname`, `lastname`, `email`, `phone`) VALUES ('14', 'Sanford', 'Von', 'dbotsford@example.org', '0');
INSERT INTO `users` (`id`, `firstname`, `lastname`, `email`, `phone`) VALUES ('15', 'Laurie', 'Crona', 'alvis.doyle@example.com', '480');
INSERT INTO `users` (`id`, `firstname`, `lastname`, `email`, `phone`) VALUES ('16', 'Dusty', 'Williamson', 'heidi.altenwerth@example.com', '0');
INSERT INTO `users` (`id`, `firstname`, `lastname`, `email`, `phone`) VALUES ('17', 'Trinity', 'Pollich', 'wvolkman@example.com', '251382');
INSERT INTO `users` (`id`, `firstname`, `lastname`, `email`, `phone`) VALUES ('18', 'Kolby', 'Bergnaum', 'larson.kristian@example.net', '0');
INSERT INTO `users` (`id`, `firstname`, `lastname`, `email`, `phone`) VALUES ('19', 'Johnson', 'Casper', 'cicero.o\'connell@example.org', '1');
INSERT INTO `users` (`id`, `firstname`, `lastname`, `email`, `phone`) VALUES ('20', 'April', 'VonRueden', 'zkuhlman@example.com', '97');
INSERT INTO `users` (`id`, `firstname`, `lastname`, `email`, `phone`) VALUES ('21', 'Madelyn', 'Pouros', 'jhermann@example.org', '356715');
INSERT INTO `users` (`id`, `firstname`, `lastname`, `email`, `phone`) VALUES ('22', 'Jaylon', 'Daugherty', 'robel.lucius@example.com', '888031');
INSERT INTO `users` (`id`, `firstname`, `lastname`, `email`, `phone`) VALUES ('23', 'Amir', 'Dietrich', 'vern.dicki@example.org', '847237');
INSERT INTO `users` (`id`, `firstname`, `lastname`, `email`, `phone`) VALUES ('24', 'Ivory', 'Kozey', 'cassin.mittie@example.com', '748');
INSERT INTO `users` (`id`, `firstname`, `lastname`, `email`, `phone`) VALUES ('25', 'Kelley', 'Rutherford', 'kcasper@example.net', '3272440219');
INSERT INTO `users` (`id`, `firstname`, `lastname`, `email`, `phone`) VALUES ('26', 'Duncan', 'Wisoky', 'vonrueden.matilde@example.org', '100607');
INSERT INTO `users` (`id`, `firstname`, `lastname`, `email`, `phone`) VALUES ('27', 'Noemie', 'Bogan', 'mona88@example.org', '23');
INSERT INTO `users` (`id`, `firstname`, `lastname`, `email`, `phone`) VALUES ('28', 'Ryder', 'Senger', 'fkreiger@example.org', '334');
INSERT INTO `users` (`id`, `firstname`, `lastname`, `email`, `phone`) VALUES ('29', 'Mireille', 'Schmeler', 'jesse74@example.com', '1');
INSERT INTO `users` (`id`, `firstname`, `lastname`, `email`, `phone`) VALUES ('30', 'Nicolette', 'Bradtke', 'ignacio.ryan@example.org', '346');
INSERT INTO `users` (`id`, `firstname`, `lastname`, `email`, `phone`) VALUES ('31', 'Shana', 'Fritsch', 'borer.savion@example.net', '233766');
INSERT INTO `users` (`id`, `firstname`, `lastname`, `email`, `phone`) VALUES ('32', 'Lucie', 'Keebler', 'frank.frami@example.net', '444');
INSERT INTO `users` (`id`, `firstname`, `lastname`, `email`, `phone`) VALUES ('33', 'Florine', 'Collier', 'wmuller@example.com', '691');
INSERT INTO `users` (`id`, `firstname`, `lastname`, `email`, `phone`) VALUES ('34', 'Christa', 'Ritchie', 'magdalena47@example.net', '859118');
INSERT INTO `users` (`id`, `firstname`, `lastname`, `email`, `phone`) VALUES ('35', 'Mallie', 'Mraz', 'savannah.littel@example.com', '632414');
INSERT INTO `users` (`id`, `firstname`, `lastname`, `email`, `phone`) VALUES ('36', 'Vilma', 'Wintheiser', 'brendon.turner@example.net', '42');
INSERT INTO `users` (`id`, `firstname`, `lastname`, `email`, `phone`) VALUES ('37', 'Fredrick', 'McLaughlin', 'ostrosin@example.org', '694765');
INSERT INTO `users` (`id`, `firstname`, `lastname`, `email`, `phone`) VALUES ('38', 'Tess', 'Sauer', 'martin.volkman@example.org', '886192');
INSERT INTO `users` (`id`, `firstname`, `lastname`, `email`, `phone`) VALUES ('39', 'Kira', 'Treutel', 'qokuneva@example.com', '107');
INSERT INTO `users` (`id`, `firstname`, `lastname`, `email`, `phone`) VALUES ('40', 'Louie', 'Murray', 'emcdermott@example.com', '304250');
INSERT INTO `users` (`id`, `firstname`, `lastname`, `email`, `phone`) VALUES ('41', 'Vance', 'Dibbert', 'briana.heaney@example.net', '1');
INSERT INTO `users` (`id`, `firstname`, `lastname`, `email`, `phone`) VALUES ('42', 'Destinee', 'Reichel', 'hettinger.jillian@example.com', '0');
INSERT INTO `users` (`id`, `firstname`, `lastname`, `email`, `phone`) VALUES ('43', 'Abigale', 'Terry', 'ihirthe@example.org', '1');
INSERT INTO `users` (`id`, `firstname`, `lastname`, `email`, `phone`) VALUES ('44', 'Jody', 'Marquardt', 'lucius11@example.net', '316');
INSERT INTO `users` (`id`, `firstname`, `lastname`, `email`, `phone`) VALUES ('45', 'Johan', 'Homenick', 'isabel59@example.org', '0');
INSERT INTO `users` (`id`, `firstname`, `lastname`, `email`, `phone`) VALUES ('46', 'Arthur', 'Collier', 'pouros.bonnie@example.org', '960328');
INSERT INTO `users` (`id`, `firstname`, `lastname`, `email`, `phone`) VALUES ('47', 'Furman', 'Maggio', 'hauck.autumn@example.com', '79');
INSERT INTO `users` (`id`, `firstname`, `lastname`, `email`, `phone`) VALUES ('48', 'Santa', 'Daniel', 'tbreitenberg@example.net', '1');
INSERT INTO `users` (`id`, `firstname`, `lastname`, `email`, `phone`) VALUES ('49', 'Velma', 'Doyle', 'louisa.hahn@example.org', '0');
INSERT INTO `users` (`id`, `firstname`, `lastname`, `email`, `phone`) VALUES ('50', 'Brett', 'Doyle', 'hirthe.brain@example.org', '0');
INSERT INTO `users` (`id`, `firstname`, `lastname`, `email`, `phone`) VALUES ('51', 'Anissa', 'Durgan', 'christ.stroman@example.com', '0');
INSERT INTO `users` (`id`, `firstname`, `lastname`, `email`, `phone`) VALUES ('52', 'Kaylee', 'Howell', 'arippin@example.org', '36');
INSERT INTO `users` (`id`, `firstname`, `lastname`, `email`, `phone`) VALUES ('53', 'Eino', 'Baumbach', 'bweber@example.net', '782308');
INSERT INTO `users` (`id`, `firstname`, `lastname`, `email`, `phone`) VALUES ('54', 'Grant', 'Huels', 'elda57@example.net', '1');
INSERT INTO `users` (`id`, `firstname`, `lastname`, `email`, `phone`) VALUES ('55', 'Ryan', 'Greenfelder', 'dthompson@example.net', '0');
INSERT INTO `users` (`id`, `firstname`, `lastname`, `email`, `phone`) VALUES ('56', 'Braden', 'Gaylord', 'adonis90@example.net', '1');
INSERT INTO `users` (`id`, `firstname`, `lastname`, `email`, `phone`) VALUES ('57', 'Emmet', 'Jacobson', 'carroll.davonte@example.com', '368763');
INSERT INTO `users` (`id`, `firstname`, `lastname`, `email`, `phone`) VALUES ('58', 'Carlie', 'Wintheiser', 'hoyt.schaefer@example.org', '1');
INSERT INTO `users` (`id`, `firstname`, `lastname`, `email`, `phone`) VALUES ('59', 'Jazmin', 'Kessler', 'rcorkery@example.com', '68');
INSERT INTO `users` (`id`, `firstname`, `lastname`, `email`, `phone`) VALUES ('60', 'Vance', 'Schmitt', 'johnston.lisandro@example.net', '0');
INSERT INTO `users` (`id`, `firstname`, `lastname`, `email`, `phone`) VALUES ('61', 'Jennie', 'Hansen', 'lillie.mueller@example.net', '1');
INSERT INTO `users` (`id`, `firstname`, `lastname`, `email`, `phone`) VALUES ('62', 'Aiyana', 'Kuhic', 'blick.lea@example.org', '81');
INSERT INTO `users` (`id`, `firstname`, `lastname`, `email`, `phone`) VALUES ('63', 'Efrain', 'King', 'lacy86@example.org', '109801');
INSERT INTO `users` (`id`, `firstname`, `lastname`, `email`, `phone`) VALUES ('64', 'Scotty', 'Powlowski', 'medhurst.brayan@example.net', '152251');
INSERT INTO `users` (`id`, `firstname`, `lastname`, `email`, `phone`) VALUES ('65', 'Trevor', 'Marvin', 'lmacejkovic@example.org', '0');
INSERT INTO `users` (`id`, `firstname`, `lastname`, `email`, `phone`) VALUES ('66', 'Dino', 'Dooley', 'kuvalis.lorenza@example.com', '1');
INSERT INTO `users` (`id`, `firstname`, `lastname`, `email`, `phone`) VALUES ('67', 'Rosanna', 'Hermann', 'bernard.gutmann@example.com', '532744');
INSERT INTO `users` (`id`, `firstname`, `lastname`, `email`, `phone`) VALUES ('68', 'Clinton', 'Ratke', 'swift.frank@example.net', '186');
INSERT INTO `users` (`id`, `firstname`, `lastname`, `email`, `phone`) VALUES ('69', 'Nestor', 'Boyle', 'rmurphy@example.org', '7758449247');
INSERT INTO `users` (`id`, `firstname`, `lastname`, `email`, `phone`) VALUES ('70', 'Krystal', 'West', 'beth.fritsch@example.org', '0');
INSERT INTO `users` (`id`, `firstname`, `lastname`, `email`, `phone`) VALUES ('71', 'Maxine', 'Kovacek', 'anais98@example.com', '0');
INSERT INTO `users` (`id`, `firstname`, `lastname`, `email`, `phone`) VALUES ('72', 'Bertram', 'Jakubowski', 'gbruen@example.org', '158267');
INSERT INTO `users` (`id`, `firstname`, `lastname`, `email`, `phone`) VALUES ('73', 'Dudley', 'Reynolds', 'mcglynn.kaitlin@example.org', '346');
INSERT INTO `users` (`id`, `firstname`, `lastname`, `email`, `phone`) VALUES ('74', 'Damian', 'Champlin', 'rernser@example.org', '0');
INSERT INTO `users` (`id`, `firstname`, `lastname`, `email`, `phone`) VALUES ('75', 'Dulce', 'Turcotte', 'kole.pacocha@example.com', '666827');
INSERT INTO `users` (`id`, `firstname`, `lastname`, `email`, `phone`) VALUES ('76', 'Pascale', 'McDermott', 'georgianna34@example.org', '50');
INSERT INTO `users` (`id`, `firstname`, `lastname`, `email`, `phone`) VALUES ('77', 'Layla', 'Corkery', 'uwolf@example.com', '385843');
INSERT INTO `users` (`id`, `firstname`, `lastname`, `email`, `phone`) VALUES ('78', 'Jewel', 'Mueller', 'schulist.monroe@example.org', '12651');
INSERT INTO `users` (`id`, `firstname`, `lastname`, `email`, `phone`) VALUES ('79', 'Margaret', 'Morar', 'cyril95@example.net', '1');
INSERT INTO `users` (`id`, `firstname`, `lastname`, `email`, `phone`) VALUES ('80', 'Electa', 'Haley', 'champlin.america@example.net', '0');
INSERT INTO `users` (`id`, `firstname`, `lastname`, `email`, `phone`) VALUES ('81', 'Junior', 'Bogisich', 'xwisozk@example.net', '0');
INSERT INTO `users` (`id`, `firstname`, `lastname`, `email`, `phone`) VALUES ('82', 'Maureen', 'Blick', 'krystal.kilback@example.com', '575596');
INSERT INTO `users` (`id`, `firstname`, `lastname`, `email`, `phone`) VALUES ('83', 'Meagan', 'Schimmel', 'adan94@example.net', '0');
INSERT INTO `users` (`id`, `firstname`, `lastname`, `email`, `phone`) VALUES ('84', 'Gerry', 'Larson', 'jeremy44@example.org', '827');
INSERT INTO `users` (`id`, `firstname`, `lastname`, `email`, `phone`) VALUES ('85', 'Althea', 'Dibbert', 'vswift@example.net', '167');
INSERT INTO `users` (`id`, `firstname`, `lastname`, `email`, `phone`) VALUES ('86', 'Kane', 'Dibbert', 'curtis86@example.net', '27');
INSERT INTO `users` (`id`, `firstname`, `lastname`, `email`, `phone`) VALUES ('87', 'Susie', 'Langosh', 'brook25@example.com', '331541');
INSERT INTO `users` (`id`, `firstname`, `lastname`, `email`, `phone`) VALUES ('88', 'Tyreek', 'Witting', 'schimmel.faustino@example.net', '735');
INSERT INTO `users` (`id`, `firstname`, `lastname`, `email`, `phone`) VALUES ('89', 'Clinton', 'Weber', 'emard.shanelle@example.net', '1');
INSERT INTO `users` (`id`, `firstname`, `lastname`, `email`, `phone`) VALUES ('90', 'Leif', 'Koss', 'anderson.trey@example.com', '796482');
INSERT INTO `users` (`id`, `firstname`, `lastname`, `email`, `phone`) VALUES ('91', 'Carleton', 'Kihn', 'garett.cole@example.net', '0');
INSERT INTO `users` (`id`, `firstname`, `lastname`, `email`, `phone`) VALUES ('92', 'Ana', 'Kuphal', 'blanda.golda@example.org', '1348084064');
INSERT INTO `users` (`id`, `firstname`, `lastname`, `email`, `phone`) VALUES ('93', 'Cornelius', 'Jakubowski', 'izulauf@example.net', '529685');
INSERT INTO `users` (`id`, `firstname`, `lastname`, `email`, `phone`) VALUES ('94', 'Adelbert', 'Stokes', 'schaefer.kenneth@example.com', '805006');
INSERT INTO `users` (`id`, `firstname`, `lastname`, `email`, `phone`) VALUES ('95', 'Crawford', 'Klocko', 'estefania.orn@example.com', '0');
INSERT INTO `users` (`id`, `firstname`, `lastname`, `email`, `phone`) VALUES ('96', 'Molly', 'Yost', 'walsh.kattie@example.com', '88');
INSERT INTO `users` (`id`, `firstname`, `lastname`, `email`, `phone`) VALUES ('97', 'Lew', 'Kuhlman', 'reynolds.noble@example.org', '160');
INSERT INTO `users` (`id`, `firstname`, `lastname`, `email`, `phone`) VALUES ('98', 'Ellis', 'Stiedemann', 'antonina.mayert@example.org', '104');
INSERT INTO `users` (`id`, `firstname`, `lastname`, `email`, `phone`) VALUES ('99', 'Yessenia', 'Collins', 'zora.jakubowski@example.org', '0');
INSERT INTO `users` (`id`, `firstname`, `lastname`, `email`, `phone`) VALUES ('100', 'Carmela', 'Wilderman', 'mante.khalil@example.net', '232');

#
# TABLE: profiles
#

INSERT INTO `profiles` (`user_id`, `gender`, `birthday`, `photo_id`, `created_at`, `hometown`) VALUES ('1', 'M', '2016-07-11', '1', '2009-08-19 19:27:55', 'Lake Andreanne');
INSERT INTO `profiles` (`user_id`, `gender`, `birthday`, `photo_id`, `created_at`, `hometown`) VALUES ('2', 'M', '1981-08-18', '2', '2016-05-02 11:15:15', 'Taniafurt');
INSERT INTO `profiles` (`user_id`, `gender`, `birthday`, `photo_id`, `created_at`, `hometown`) VALUES ('3', 'P', '1972-04-14', '3', '1977-01-26 01:32:22', 'West Loratown');
INSERT INTO `profiles` (`user_id`, `gender`, `birthday`, `photo_id`, `created_at`, `hometown`) VALUES ('4', 'D', '2009-05-25', '4', '1978-07-26 05:42:01', 'Giovannahaven');
INSERT INTO `profiles` (`user_id`, `gender`, `birthday`, `photo_id`, `created_at`, `hometown`) VALUES ('5', 'M', '2001-11-19', '5', '1978-11-09 22:46:45', 'Monroechester');
INSERT INTO `profiles` (`user_id`, `gender`, `birthday`, `photo_id`, `created_at`, `hometown`) VALUES ('6', 'D', '2001-03-21', '6', '1976-05-01 15:33:16', 'Grayceborough');
INSERT INTO `profiles` (`user_id`, `gender`, `birthday`, `photo_id`, `created_at`, `hometown`) VALUES ('7', 'D', '1970-05-19', '7', '1987-01-11 12:16:03', 'McKenziechester');
INSERT INTO `profiles` (`user_id`, `gender`, `birthday`, `photo_id`, `created_at`, `hometown`) VALUES ('8', 'D', '2019-01-30', '8', '1991-08-14 11:07:30', 'Strackefurt');
INSERT INTO `profiles` (`user_id`, `gender`, `birthday`, `photo_id`, `created_at`, `hometown`) VALUES ('9', 'P', '2007-03-26', '9', '1989-07-13 00:30:54', 'West Kyle');
INSERT INTO `profiles` (`user_id`, `gender`, `birthday`, `photo_id`, `created_at`, `hometown`) VALUES ('10', 'P', '1995-03-19', '10', '1990-07-28 04:55:24', 'Lake Isaias');
INSERT INTO `profiles` (`user_id`, `gender`, `birthday`, `photo_id`, `created_at`, `hometown`) VALUES ('11', 'P', '2004-01-22', '11', '1976-03-13 16:13:23', 'East Leland');
INSERT INTO `profiles` (`user_id`, `gender`, `birthday`, `photo_id`, `created_at`, `hometown`) VALUES ('12', 'M', '2011-10-01', '12', '2008-02-07 11:58:40', 'North Ava');
INSERT INTO `profiles` (`user_id`, `gender`, `birthday`, `photo_id`, `created_at`, `hometown`) VALUES ('13', 'M', '2000-09-08', '13', '1977-01-19 00:54:05', 'West Nyahside');
INSERT INTO `profiles` (`user_id`, `gender`, `birthday`, `photo_id`, `created_at`, `hometown`) VALUES ('14', 'M', '2015-12-31', '14', '1982-04-20 11:48:59', 'Joyville');
INSERT INTO `profiles` (`user_id`, `gender`, `birthday`, `photo_id`, `created_at`, `hometown`) VALUES ('15', 'M', '1975-11-06', '15', '1996-07-25 21:18:51', 'South Sandraborough');
INSERT INTO `profiles` (`user_id`, `gender`, `birthday`, `photo_id`, `created_at`, `hometown`) VALUES ('16', 'P', '2001-01-13', '16', '1979-09-23 10:42:17', 'Weberchester');
INSERT INTO `profiles` (`user_id`, `gender`, `birthday`, `photo_id`, `created_at`, `hometown`) VALUES ('17', 'P', '2005-01-28', '17', '2012-09-18 10:46:23', 'Ledaland');
INSERT INTO `profiles` (`user_id`, `gender`, `birthday`, `photo_id`, `created_at`, `hometown`) VALUES ('18', 'P', '1988-01-19', '18', '1994-04-18 10:02:07', 'South Sharonview');
INSERT INTO `profiles` (`user_id`, `gender`, `birthday`, `photo_id`, `created_at`, `hometown`) VALUES ('19', 'D', '1972-04-24', '19', '1981-06-19 09:23:59', 'Moentown');
INSERT INTO `profiles` (`user_id`, `gender`, `birthday`, `photo_id`, `created_at`, `hometown`) VALUES ('20', 'P', '2010-05-03', '20', '2001-03-01 03:43:12', 'West Nicoleton');
INSERT INTO `profiles` (`user_id`, `gender`, `birthday`, `photo_id`, `created_at`, `hometown`) VALUES ('21', 'D', '2005-09-14', '21', '2009-10-02 03:40:48', 'West Germaine');
INSERT INTO `profiles` (`user_id`, `gender`, `birthday`, `photo_id`, `created_at`, `hometown`) VALUES ('22', 'M', '2012-03-27', '22', '1994-04-26 08:31:03', 'North Coltburgh');
INSERT INTO `profiles` (`user_id`, `gender`, `birthday`, `photo_id`, `created_at`, `hometown`) VALUES ('23', 'M', '1979-08-09', '23', '1984-04-08 09:03:03', 'Collinsshire');
INSERT INTO `profiles` (`user_id`, `gender`, `birthday`, `photo_id`, `created_at`, `hometown`) VALUES ('24', 'M', '2009-12-22', '24', '2005-07-04 15:43:02', 'Lake Eulaliafort');
INSERT INTO `profiles` (`user_id`, `gender`, `birthday`, `photo_id`, `created_at`, `hometown`) VALUES ('25', 'M', '1973-07-12', '25', '2006-12-22 14:13:46', 'East Huntermouth');
INSERT INTO `profiles` (`user_id`, `gender`, `birthday`, `photo_id`, `created_at`, `hometown`) VALUES ('26', 'D', '2001-01-06', '26', '1984-03-09 20:00:36', 'Hermannland');
INSERT INTO `profiles` (`user_id`, `gender`, `birthday`, `photo_id`, `created_at`, `hometown`) VALUES ('27', 'M', '1989-02-26', '27', '2013-09-27 13:56:22', 'South Fernando');
INSERT INTO `profiles` (`user_id`, `gender`, `birthday`, `photo_id`, `created_at`, `hometown`) VALUES ('28', 'M', '1998-08-19', '28', '2002-01-02 18:07:02', 'New Daniella');
INSERT INTO `profiles` (`user_id`, `gender`, `birthday`, `photo_id`, `created_at`, `hometown`) VALUES ('29', 'M', '1995-10-11', '29', '1978-01-16 11:54:00', 'Bretmouth');
INSERT INTO `profiles` (`user_id`, `gender`, `birthday`, `photo_id`, `created_at`, `hometown`) VALUES ('30', 'M', '2004-01-28', '30', '2002-05-13 23:06:45', 'North Layla');
INSERT INTO `profiles` (`user_id`, `gender`, `birthday`, `photo_id`, `created_at`, `hometown`) VALUES ('31', 'D', '2008-06-26', '31', '2007-07-09 08:43:19', 'Port Gerson');
INSERT INTO `profiles` (`user_id`, `gender`, `birthday`, `photo_id`, `created_at`, `hometown`) VALUES ('32', 'D', '2000-12-18', '32', '1985-02-06 00:34:00', 'Kilbackchester');
INSERT INTO `profiles` (`user_id`, `gender`, `birthday`, `photo_id`, `created_at`, `hometown`) VALUES ('33', 'D', '2002-09-08', '33', '1971-07-30 04:51:41', 'Port Bradford');
INSERT INTO `profiles` (`user_id`, `gender`, `birthday`, `photo_id`, `created_at`, `hometown`) VALUES ('34', 'M', '1995-01-18', '34', '1983-02-09 23:32:27', 'Jenkinschester');
INSERT INTO `profiles` (`user_id`, `gender`, `birthday`, `photo_id`, `created_at`, `hometown`) VALUES ('35', 'P', '1981-11-04', '35', '1975-08-01 20:35:12', 'Port Brisa');
INSERT INTO `profiles` (`user_id`, `gender`, `birthday`, `photo_id`, `created_at`, `hometown`) VALUES ('36', 'M', '1992-06-13', '36', '2008-12-28 14:57:39', 'Fayview');
INSERT INTO `profiles` (`user_id`, `gender`, `birthday`, `photo_id`, `created_at`, `hometown`) VALUES ('37', 'P', '2015-09-09', '37', '1980-11-07 22:22:55', 'New Reuben');
INSERT INTO `profiles` (`user_id`, `gender`, `birthday`, `photo_id`, `created_at`, `hometown`) VALUES ('38', 'M', '2018-09-23', '38', '1983-08-21 07:33:57', 'South Davionside');
INSERT INTO `profiles` (`user_id`, `gender`, `birthday`, `photo_id`, `created_at`, `hometown`) VALUES ('39', 'M', '1981-10-31', '39', '2019-06-30 14:16:17', 'Feeneytown');
INSERT INTO `profiles` (`user_id`, `gender`, `birthday`, `photo_id`, `created_at`, `hometown`) VALUES ('40', 'D', '2012-10-09', '40', '1971-10-30 20:38:13', 'South Lenore');
INSERT INTO `profiles` (`user_id`, `gender`, `birthday`, `photo_id`, `created_at`, `hometown`) VALUES ('41', 'M', '1977-03-08', '41', '1973-06-02 02:01:14', 'Bradlymouth');
INSERT INTO `profiles` (`user_id`, `gender`, `birthday`, `photo_id`, `created_at`, `hometown`) VALUES ('42', 'M', '1997-02-15', '42', '2011-06-28 08:05:21', 'Lake Alanburgh');
INSERT INTO `profiles` (`user_id`, `gender`, `birthday`, `photo_id`, `created_at`, `hometown`) VALUES ('43', 'M', '1978-10-14', '43', '1988-03-16 05:44:14', 'New Hoseaborough');
INSERT INTO `profiles` (`user_id`, `gender`, `birthday`, `photo_id`, `created_at`, `hometown`) VALUES ('44', 'M', '1986-11-28', '44', '1997-01-12 06:56:40', 'South Amaya');
INSERT INTO `profiles` (`user_id`, `gender`, `birthday`, `photo_id`, `created_at`, `hometown`) VALUES ('45', 'P', '2014-02-28', '45', '2003-01-01 22:42:38', 'Timmybury');
INSERT INTO `profiles` (`user_id`, `gender`, `birthday`, `photo_id`, `created_at`, `hometown`) VALUES ('46', 'M', '2007-08-24', '46', '1993-03-24 02:49:42', 'Sporermouth');
INSERT INTO `profiles` (`user_id`, `gender`, `birthday`, `photo_id`, `created_at`, `hometown`) VALUES ('47', 'P', '1990-09-24', '47', '2002-12-09 18:46:34', 'Goyettehaven');
INSERT INTO `profiles` (`user_id`, `gender`, `birthday`, `photo_id`, `created_at`, `hometown`) VALUES ('48', 'M', '1980-04-30', '48', '1985-02-04 06:24:25', 'North Wilburn');
INSERT INTO `profiles` (`user_id`, `gender`, `birthday`, `photo_id`, `created_at`, `hometown`) VALUES ('49', 'D', '1981-02-20', '49', '1986-09-08 09:26:07', 'Tillmanport');
INSERT INTO `profiles` (`user_id`, `gender`, `birthday`, `photo_id`, `created_at`, `hometown`) VALUES ('50', 'M', '2006-01-08', '50', '2011-06-17 20:56:58', 'New Sylvialand');
INSERT INTO `profiles` (`user_id`, `gender`, `birthday`, `photo_id`, `created_at`, `hometown`) VALUES ('51', 'D', '1978-04-14', '51', '1989-02-26 08:53:49', 'Leschville');
INSERT INTO `profiles` (`user_id`, `gender`, `birthday`, `photo_id`, `created_at`, `hometown`) VALUES ('52', 'D', '1996-07-25', '52', '1987-07-23 09:06:40', 'Swiftborough');
INSERT INTO `profiles` (`user_id`, `gender`, `birthday`, `photo_id`, `created_at`, `hometown`) VALUES ('53', 'P', '1987-04-16', '53', '1984-05-20 08:11:40', 'Florianberg');
INSERT INTO `profiles` (`user_id`, `gender`, `birthday`, `photo_id`, `created_at`, `hometown`) VALUES ('54', 'M', '1975-05-06', '54', '1983-10-31 23:37:59', 'Lake Deshawn');
INSERT INTO `profiles` (`user_id`, `gender`, `birthday`, `photo_id`, `created_at`, `hometown`) VALUES ('55', 'P', '1996-01-29', '55', '1986-11-29 01:15:04', 'Port Ida');
INSERT INTO `profiles` (`user_id`, `gender`, `birthday`, `photo_id`, `created_at`, `hometown`) VALUES ('56', 'D', '1981-02-19', '56', '1998-11-12 10:57:44', 'East Maryjane');
INSERT INTO `profiles` (`user_id`, `gender`, `birthday`, `photo_id`, `created_at`, `hometown`) VALUES ('57', 'M', '1980-12-11', '57', '1974-03-05 10:36:15', 'East Shaylee');
INSERT INTO `profiles` (`user_id`, `gender`, `birthday`, `photo_id`, `created_at`, `hometown`) VALUES ('58', 'P', '1977-10-19', '58', '1982-02-12 10:48:00', 'North Kaitlyn');
INSERT INTO `profiles` (`user_id`, `gender`, `birthday`, `photo_id`, `created_at`, `hometown`) VALUES ('59', 'M', '2006-08-18', '59', '1993-04-18 15:42:23', 'West Donaldbury');
INSERT INTO `profiles` (`user_id`, `gender`, `birthday`, `photo_id`, `created_at`, `hometown`) VALUES ('60', 'P', '1979-06-21', '60', '1974-10-30 16:09:41', 'West Kennedi');
INSERT INTO `profiles` (`user_id`, `gender`, `birthday`, `photo_id`, `created_at`, `hometown`) VALUES ('61', 'P', '1978-06-22', '61', '2017-01-21 05:45:23', 'West Trevion');
INSERT INTO `profiles` (`user_id`, `gender`, `birthday`, `photo_id`, `created_at`, `hometown`) VALUES ('62', 'P', '1983-08-08', '62', '2014-04-27 08:37:54', 'Port Armando');
INSERT INTO `profiles` (`user_id`, `gender`, `birthday`, `photo_id`, `created_at`, `hometown`) VALUES ('63', 'M', '1984-07-24', '63', '1998-08-08 20:22:44', 'Port Susie');
INSERT INTO `profiles` (`user_id`, `gender`, `birthday`, `photo_id`, `created_at`, `hometown`) VALUES ('64', 'P', '2001-08-06', '64', '1997-12-23 17:53:45', 'Ruthieland');
INSERT INTO `profiles` (`user_id`, `gender`, `birthday`, `photo_id`, `created_at`, `hometown`) VALUES ('65', 'D', '1984-03-22', '65', '1975-02-07 16:39:43', 'Port Rahulfurt');
INSERT INTO `profiles` (`user_id`, `gender`, `birthday`, `photo_id`, `created_at`, `hometown`) VALUES ('66', 'M', '1986-09-04', '66', '2002-04-13 06:13:22', 'Deliatown');
INSERT INTO `profiles` (`user_id`, `gender`, `birthday`, `photo_id`, `created_at`, `hometown`) VALUES ('67', 'M', '2008-10-31', '67', '1972-04-20 07:41:56', 'Heathcoteborough');
INSERT INTO `profiles` (`user_id`, `gender`, `birthday`, `photo_id`, `created_at`, `hometown`) VALUES ('68', 'P', '2001-06-17', '68', '2015-11-13 10:46:06', 'Kavonchester');
INSERT INTO `profiles` (`user_id`, `gender`, `birthday`, `photo_id`, `created_at`, `hometown`) VALUES ('69', 'M', '1998-08-25', '69', '2002-06-22 14:42:15', 'Vandervorttown');
INSERT INTO `profiles` (`user_id`, `gender`, `birthday`, `photo_id`, `created_at`, `hometown`) VALUES ('70', 'P', '2001-06-06', '70', '2019-06-11 12:37:11', 'Gabriellastad');
INSERT INTO `profiles` (`user_id`, `gender`, `birthday`, `photo_id`, `created_at`, `hometown`) VALUES ('71', 'D', '2018-10-01', '71', '1998-05-10 18:31:21', 'Kendallmouth');
INSERT INTO `profiles` (`user_id`, `gender`, `birthday`, `photo_id`, `created_at`, `hometown`) VALUES ('72', 'M', '2019-03-16', '72', '1978-08-26 13:00:40', 'West Karinashire');
INSERT INTO `profiles` (`user_id`, `gender`, `birthday`, `photo_id`, `created_at`, `hometown`) VALUES ('73', 'D', '1974-07-06', '73', '2001-10-02 23:37:09', 'South Israel');
INSERT INTO `profiles` (`user_id`, `gender`, `birthday`, `photo_id`, `created_at`, `hometown`) VALUES ('74', 'P', '1975-06-06', '74', '1981-01-24 22:48:53', 'Lake Brody');
INSERT INTO `profiles` (`user_id`, `gender`, `birthday`, `photo_id`, `created_at`, `hometown`) VALUES ('75', 'M', '1994-07-09', '75', '1992-09-16 15:19:55', 'West Regan');
INSERT INTO `profiles` (`user_id`, `gender`, `birthday`, `photo_id`, `created_at`, `hometown`) VALUES ('76', 'M', '1972-10-28', '76', '2019-07-16 07:13:15', 'West Pat');
INSERT INTO `profiles` (`user_id`, `gender`, `birthday`, `photo_id`, `created_at`, `hometown`) VALUES ('77', 'D', '1996-10-20', '77', '1979-10-19 20:31:40', 'South Gayleton');
INSERT INTO `profiles` (`user_id`, `gender`, `birthday`, `photo_id`, `created_at`, `hometown`) VALUES ('78', 'M', '1987-01-16', '78', '2017-10-02 10:17:24', 'Kihnton');
INSERT INTO `profiles` (`user_id`, `gender`, `birthday`, `photo_id`, `created_at`, `hometown`) VALUES ('79', 'P', '1978-12-21', '79', '2013-07-07 20:24:52', 'Boscoberg');
INSERT INTO `profiles` (`user_id`, `gender`, `birthday`, `photo_id`, `created_at`, `hometown`) VALUES ('80', 'P', '1996-07-09', '80', '1991-01-19 03:12:00', 'North Madieland');
INSERT INTO `profiles` (`user_id`, `gender`, `birthday`, `photo_id`, `created_at`, `hometown`) VALUES ('81', 'D', '2018-08-22', '81', '2015-05-09 08:34:56', 'New Jaclynstad');
INSERT INTO `profiles` (`user_id`, `gender`, `birthday`, `photo_id`, `created_at`, `hometown`) VALUES ('82', 'P', '1981-05-08', '82', '1991-07-30 19:38:26', 'Freddyhaven');
INSERT INTO `profiles` (`user_id`, `gender`, `birthday`, `photo_id`, `created_at`, `hometown`) VALUES ('83', 'D', '1982-12-31', '83', '1975-03-05 21:13:20', 'New Miltonborough');
INSERT INTO `profiles` (`user_id`, `gender`, `birthday`, `photo_id`, `created_at`, `hometown`) VALUES ('84', 'D', '1996-01-17', '84', '1974-07-24 14:17:48', 'Fritschfurt');
INSERT INTO `profiles` (`user_id`, `gender`, `birthday`, `photo_id`, `created_at`, `hometown`) VALUES ('85', 'D', '1975-06-27', '85', '1970-11-15 19:13:51', 'Addisonberg');
INSERT INTO `profiles` (`user_id`, `gender`, `birthday`, `photo_id`, `created_at`, `hometown`) VALUES ('86', 'D', '2001-06-14', '86', '1991-12-03 09:59:07', 'Botsfordmouth');
INSERT INTO `profiles` (`user_id`, `gender`, `birthday`, `photo_id`, `created_at`, `hometown`) VALUES ('87', 'P', '2011-10-15', '87', '1997-04-19 17:14:20', 'South Buster');
INSERT INTO `profiles` (`user_id`, `gender`, `birthday`, `photo_id`, `created_at`, `hometown`) VALUES ('88', 'D', '2015-09-18', '88', '2011-06-02 01:47:02', 'South Craig');
INSERT INTO `profiles` (`user_id`, `gender`, `birthday`, `photo_id`, `created_at`, `hometown`) VALUES ('89', 'M', '2003-06-11', '89', '1987-07-09 13:05:37', 'North Leannberg');
INSERT INTO `profiles` (`user_id`, `gender`, `birthday`, `photo_id`, `created_at`, `hometown`) VALUES ('90', 'D', '1981-08-25', '90', '1979-09-05 06:02:08', 'Port Alek');
INSERT INTO `profiles` (`user_id`, `gender`, `birthday`, `photo_id`, `created_at`, `hometown`) VALUES ('91', 'M', '1993-05-17', '91', '1992-07-06 15:02:47', 'West Mauricio');
INSERT INTO `profiles` (`user_id`, `gender`, `birthday`, `photo_id`, `created_at`, `hometown`) VALUES ('92', 'D', '1979-08-23', '92', '2018-02-26 17:04:13', 'Olsonside');
INSERT INTO `profiles` (`user_id`, `gender`, `birthday`, `photo_id`, `created_at`, `hometown`) VALUES ('93', 'D', '2011-09-17', '93', '1987-12-12 00:15:06', 'Rolfsonside');
INSERT INTO `profiles` (`user_id`, `gender`, `birthday`, `photo_id`, `created_at`, `hometown`) VALUES ('94', 'D', '1990-12-30', '94', '2011-07-19 04:52:37', 'Dustyfurt');
INSERT INTO `profiles` (`user_id`, `gender`, `birthday`, `photo_id`, `created_at`, `hometown`) VALUES ('95', 'M', '1980-06-29', '95', '2005-10-06 02:12:33', 'Domenickville');
INSERT INTO `profiles` (`user_id`, `gender`, `birthday`, `photo_id`, `created_at`, `hometown`) VALUES ('96', 'M', '1998-11-16', '96', '1986-11-06 08:28:50', 'Port Rosendoborough');
INSERT INTO `profiles` (`user_id`, `gender`, `birthday`, `photo_id`, `created_at`, `hometown`) VALUES ('97', 'M', '1993-11-14', '97', '1988-02-04 02:43:41', 'Lake Bret');
INSERT INTO `profiles` (`user_id`, `gender`, `birthday`, `photo_id`, `created_at`, `hometown`) VALUES ('98', 'P', '2003-11-30', '98', '2014-01-10 20:26:56', 'Bashirianland');
INSERT INTO `profiles` (`user_id`, `gender`, `birthday`, `photo_id`, `created_at`, `hometown`) VALUES ('99', 'M', '1982-05-22', '99', '1989-05-30 13:51:20', 'West Larueside');
INSERT INTO `profiles` (`user_id`, `gender`, `birthday`, `photo_id`, `created_at`, `hometown`) VALUES ('100', 'D', '2007-05-08', '100', '2000-08-22 11:47:18', 'Port Dayne');


#
# TABLE: messages
#

INSERT INTO `messages` (`id`, `from_user_id`, `to_user_id`, `body`, `created_at`) VALUES ('1', '1', '1', 'Non facilis occaecati aliquid sapiente. Hic distinctio ut enim ipsa aut. Totam et dolorem non enim.', '1988-07-09 05:03:26');
INSERT INTO `messages` (`id`, `from_user_id`, `to_user_id`, `body`, `created_at`) VALUES ('2', '2', '2', 'Vero corporis dolores sunt dolor tempore ea. Eius sapiente accusantium repudiandae dolorum tempora accusamus aliquam. Debitis necessitatibus est et quae.', '1989-12-10 12:02:13');
INSERT INTO `messages` (`id`, `from_user_id`, `to_user_id`, `body`, `created_at`) VALUES ('3', '3', '3', 'Vel a tempora et at ducimus vel. Officia doloremque quod quasi esse odio similique.', '1998-12-16 08:19:12');
INSERT INTO `messages` (`id`, `from_user_id`, `to_user_id`, `body`, `created_at`) VALUES ('4', '4', '4', 'Ut ut iure quia voluptas harum. Ipsa culpa ut dolorem eveniet rerum ea temporibus. Eaque odit maiores voluptatibus enim. Harum recusandae est officiis sint maiores odio ratione.', '1970-04-10 10:16:11');
INSERT INTO `messages` (`id`, `from_user_id`, `to_user_id`, `body`, `created_at`) VALUES ('5', '5', '5', 'Molestiae iure eum quam et. Dolore doloremque reprehenderit corrupti aut.', '2016-06-10 00:16:53');
INSERT INTO `messages` (`id`, `from_user_id`, `to_user_id`, `body`, `created_at`) VALUES ('6', '6', '6', 'Vel libero ab quia enim adipisci eius est. Voluptas voluptatum eveniet asperiores nesciunt non ut tempora. Rerum dolor doloremque at assumenda repellendus nisi.', '1982-02-25 19:46:59');
INSERT INTO `messages` (`id`, `from_user_id`, `to_user_id`, `body`, `created_at`) VALUES ('7', '7', '7', 'Esse aspernatur ducimus officia fugiat. Velit et at unde. Maiores nulla sit possimus sint sit impedit repellendus repudiandae. Fuga eligendi officia eaque nostrum nesciunt ut.', '1988-07-17 11:53:25');
INSERT INTO `messages` (`id`, `from_user_id`, `to_user_id`, `body`, `created_at`) VALUES ('8', '8', '8', 'Quas consequatur quod ut quos aut omnis. Ut ratione et hic quas ad officiis et. Aperiam consequatur dolorem dolores aut temporibus. Adipisci excepturi est et perferendis sapiente.', '1971-10-23 11:17:24');
INSERT INTO `messages` (`id`, `from_user_id`, `to_user_id`, `body`, `created_at`) VALUES ('9', '9', '9', 'Dolores provident eaque perferendis hic maiores eveniet nam. Voluptatibus qui facere impedit sed soluta quae non et. Sapiente qui expedita voluptatem vel est. Ipsum dolores quisquam neque deserunt quas.', '2009-02-23 12:29:07');
INSERT INTO `messages` (`id`, `from_user_id`, `to_user_id`, `body`, `created_at`) VALUES ('10', '10', '10', 'Quod iusto quo dolores quia a asperiores aspernatur qui. Suscipit est quod unde nesciunt earum maxime.', '2016-11-09 16:40:04');
INSERT INTO `messages` (`id`, `from_user_id`, `to_user_id`, `body`, `created_at`) VALUES ('11', '11', '11', 'Et dolorum voluptatem et ex quaerat consequatur. Voluptatem enim nisi aut et libero ea facere. Quis ducimus quas pariatur rerum.', '2019-10-01 19:15:00');
INSERT INTO `messages` (`id`, `from_user_id`, `to_user_id`, `body`, `created_at`) VALUES ('12', '12', '12', 'Aperiam excepturi quos sit aut eos eos. Ut at sit sit delectus et alias nobis. Aspernatur nisi aliquam ad consequatur consequatur recusandae. Qui ut molestias provident quisquam.', '2014-01-28 03:03:46');
INSERT INTO `messages` (`id`, `from_user_id`, `to_user_id`, `body`, `created_at`) VALUES ('13', '13', '13', 'Et et delectus voluptate. Deleniti sequi earum et aspernatur corporis odio. Aspernatur est exercitationem aperiam consectetur. Est voluptate saepe impedit cupiditate rerum in ut suscipit. Ad facere excepturi qui officiis quia veritatis delectus ut.', '2004-03-17 00:30:33');
INSERT INTO `messages` (`id`, `from_user_id`, `to_user_id`, `body`, `created_at`) VALUES ('14', '14', '14', 'Aut sunt accusamus exercitationem velit occaecati eum quae. Ut perferendis et autem recusandae deleniti aut. Omnis ex ut corporis ipsa.', '1971-10-27 04:56:42');
INSERT INTO `messages` (`id`, `from_user_id`, `to_user_id`, `body`, `created_at`) VALUES ('15', '15', '15', 'Maiores repellendus perferendis cupiditate id voluptas. Et ad aut adipisci commodi harum. Non eum omnis dolore repellat nam repudiandae sit. Impedit et quae magnam.', '2016-09-24 13:32:34');
INSERT INTO `messages` (`id`, `from_user_id`, `to_user_id`, `body`, `created_at`) VALUES ('16', '16', '16', 'Sint iure rerum et tempore dolor. Ullam doloremque excepturi fugiat maiores. Harum unde veniam tempora voluptatibus quas. Est magnam molestiae quibusdam velit aut totam.', '2018-05-22 16:02:15');
INSERT INTO `messages` (`id`, `from_user_id`, `to_user_id`, `body`, `created_at`) VALUES ('17', '17', '17', 'Illum molestiae voluptate excepturi accusamus. Eum provident tempore enim fugiat. Repellat ut rerum cumque repellendus.', '1983-02-14 07:10:30');
INSERT INTO `messages` (`id`, `from_user_id`, `to_user_id`, `body`, `created_at`) VALUES ('18', '18', '18', 'Velit animi magni qui aliquam. Omnis non vel et. Officiis consectetur rerum quas voluptatibus eius. Sapiente doloremque ut qui qui sint.', '1980-08-21 19:09:56');
INSERT INTO `messages` (`id`, `from_user_id`, `to_user_id`, `body`, `created_at`) VALUES ('19', '19', '19', 'Eligendi ut enim est animi sit a omnis cupiditate. Quia perspiciatis ipsam vero voluptates et. Praesentium atque non occaecati facilis. Sint voluptates optio voluptates quia.', '2000-03-19 23:07:05');
INSERT INTO `messages` (`id`, `from_user_id`, `to_user_id`, `body`, `created_at`) VALUES ('20', '20', '20', 'Alias error enim ut veniam et quo id. Eum laborum eos reiciendis aut. Dolorem quod ipsam ut dolorem iusto aut.', '1985-07-02 08:18:56');
INSERT INTO `messages` (`id`, `from_user_id`, `to_user_id`, `body`, `created_at`) VALUES ('21', '21', '21', 'Eius est quod fugiat mollitia numquam tenetur. Natus eius ea nostrum consequatur in odit ratione. Aliquam sed necessitatibus sit magni.', '1970-04-25 23:52:05');
INSERT INTO `messages` (`id`, `from_user_id`, `to_user_id`, `body`, `created_at`) VALUES ('22', '22', '22', 'Eum autem nemo itaque libero. Rerum quasi placeat sed et ad odit minus. Tempore optio laudantium est maiores consequatur expedita.', '1994-07-13 05:44:57');
INSERT INTO `messages` (`id`, `from_user_id`, `to_user_id`, `body`, `created_at`) VALUES ('23', '23', '23', 'Recusandae temporibus occaecati quis. Aut voluptas natus ut. Aut laboriosam eveniet aut non ullam.', '1992-06-11 08:23:46');
INSERT INTO `messages` (`id`, `from_user_id`, `to_user_id`, `body`, `created_at`) VALUES ('24', '24', '24', 'Praesentium aspernatur in amet consequatur. Ducimus reiciendis optio et debitis. Vel qui impedit quia qui commodi. In voluptate cum omnis.', '1994-09-12 13:54:29');
INSERT INTO `messages` (`id`, `from_user_id`, `to_user_id`, `body`, `created_at`) VALUES ('25', '25', '25', 'Dolor consequatur ut tenetur repellendus ipsa. Distinctio nulla dolorem consequatur est accusamus aut. Voluptates nisi est quae et ut.', '1976-07-30 14:07:05');
INSERT INTO `messages` (`id`, `from_user_id`, `to_user_id`, `body`, `created_at`) VALUES ('26', '26', '26', 'Tempora dolorem consequatur et eum qui ut autem unde. Quae id ut illum ut dicta quidem eos. Placeat id laboriosam ipsum sit.', '1980-02-10 03:08:12');
INSERT INTO `messages` (`id`, `from_user_id`, `to_user_id`, `body`, `created_at`) VALUES ('27', '27', '27', 'In cupiditate accusantium aliquam. Voluptatem recusandae voluptatum deleniti eligendi alias excepturi laboriosam. Quia velit vel sit quo rem id quis et. Et recusandae sed non in maxime aliquid. Qui atque sunt repellat rem.', '2010-07-07 21:51:13');
INSERT INTO `messages` (`id`, `from_user_id`, `to_user_id`, `body`, `created_at`) VALUES ('28', '28', '28', 'Ut quisquam laboriosam eaque eaque officiis saepe. Quia ut et labore quos nemo eaque. Numquam consectetur earum dolore fuga iusto voluptates ut. Soluta quasi eos modi et ut non dolore.', '2014-01-09 08:50:17');
INSERT INTO `messages` (`id`, `from_user_id`, `to_user_id`, `body`, `created_at`) VALUES ('29', '29', '29', 'Praesentium aut maxime ad accusamus facilis quam est. Veniam ducimus omnis eaque hic. Ad voluptates sed ea sapiente sit numquam quibusdam suscipit. Molestias fugiat amet officiis dignissimos est fuga aliquid.', '2001-10-13 16:29:28');
INSERT INTO `messages` (`id`, `from_user_id`, `to_user_id`, `body`, `created_at`) VALUES ('30', '30', '30', 'Aspernatur doloribus aut eius sint accusamus est praesentium delectus. Et saepe aut fuga ea.', '2012-03-10 06:17:55');
INSERT INTO `messages` (`id`, `from_user_id`, `to_user_id`, `body`, `created_at`) VALUES ('31', '31', '31', 'Officia qui est molestias unde aut corporis. Ipsa voluptas molestias aut. Aliquid corporis voluptatem quasi ea officia rerum ut quo. Itaque accusantium ad repellat quas odio voluptatem omnis.', '1996-08-15 18:12:41');
INSERT INTO `messages` (`id`, `from_user_id`, `to_user_id`, `body`, `created_at`) VALUES ('32', '32', '32', 'Et voluptates et voluptatibus delectus. Magnam est facere dolorum fugit illum eligendi non eligendi. Qui soluta corrupti voluptates rem.', '1994-11-17 02:39:05');
INSERT INTO `messages` (`id`, `from_user_id`, `to_user_id`, `body`, `created_at`) VALUES ('33', '33', '33', 'Temporibus eaque molestiae omnis nobis ab at magni. Odit exercitationem commodi distinctio corrupti. Possimus vel consequatur doloribus voluptas est voluptas sed.', '1980-03-15 06:26:24');
INSERT INTO `messages` (`id`, `from_user_id`, `to_user_id`, `body`, `created_at`) VALUES ('34', '34', '34', 'Vitae quod assumenda nobis dolores reprehenderit debitis iusto minima. Ratione sint esse maiores et dolorem. Ab sed quas soluta ea.', '1981-04-06 03:09:55');
INSERT INTO `messages` (`id`, `from_user_id`, `to_user_id`, `body`, `created_at`) VALUES ('35', '35', '35', 'Et et explicabo repellendus soluta aperiam id. Consequatur sed nulla quo. Aut atque qui ducimus error animi. Quis saepe deserunt et magnam hic.', '2014-09-19 19:47:25');
INSERT INTO `messages` (`id`, `from_user_id`, `to_user_id`, `body`, `created_at`) VALUES ('36', '36', '36', 'Et pariatur fugiat qui placeat nulla dolores. Voluptas mollitia a nam voluptatem dolorem id iste doloremque. Qui maiores fugit cum quisquam ea suscipit eum.', '1980-01-13 11:52:57');
INSERT INTO `messages` (`id`, `from_user_id`, `to_user_id`, `body`, `created_at`) VALUES ('37', '37', '37', 'In vel sunt laboriosam soluta quis molestias. Consectetur qui mollitia et repellat rem omnis. Explicabo blanditiis repudiandae ex et.', '1986-08-25 01:16:18');
INSERT INTO `messages` (`id`, `from_user_id`, `to_user_id`, `body`, `created_at`) VALUES ('38', '38', '38', 'Fugit accusamus dolorem tempora perferendis non est. Omnis consectetur asperiores dolores mollitia est. Aut harum maxime optio dolorem delectus eius et suscipit. Recusandae porro distinctio laudantium et.', '1971-04-16 03:18:24');
INSERT INTO `messages` (`id`, `from_user_id`, `to_user_id`, `body`, `created_at`) VALUES ('39', '39', '39', 'Labore itaque omnis sunt ut non corrupti. Dolores voluptatibus perferendis dignissimos corporis quo quia quae. Earum consequuntur et est voluptatem assumenda aut. Voluptas eos quidem sint alias repudiandae quae et quibusdam. Culpa deserunt neque vel necessitatibus et consectetur aperiam vel.', '2009-10-21 12:00:36');
INSERT INTO `messages` (`id`, `from_user_id`, `to_user_id`, `body`, `created_at`) VALUES ('40', '40', '40', 'Voluptas dolorem exercitationem quia est molestiae molestias et. Placeat qui ipsam aut soluta autem ad. Impedit iste omnis ullam et eos.', '1999-10-07 15:26:46');
INSERT INTO `messages` (`id`, `from_user_id`, `to_user_id`, `body`, `created_at`) VALUES ('41', '41', '41', 'Qui nam dolorum in praesentium. Et blanditiis suscipit velit. Voluptatem nihil doloribus ducimus dolor et animi quod. Quia laboriosam asperiores harum exercitationem omnis a alias.', '2000-03-23 16:24:10');
INSERT INTO `messages` (`id`, `from_user_id`, `to_user_id`, `body`, `created_at`) VALUES ('42', '42', '42', 'Beatae accusantium delectus dignissimos et. Officia voluptate quidem sapiente odio dolore inventore. Dolorum debitis et non et possimus tenetur omnis. Veritatis et dolores non rerum et voluptatem est.', '1977-12-25 22:00:25');
INSERT INTO `messages` (`id`, `from_user_id`, `to_user_id`, `body`, `created_at`) VALUES ('43', '43', '43', 'Veniam vel molestias in non dolorem. Ut tempora alias necessitatibus quae dignissimos voluptatem. Non corrupti deleniti aperiam consectetur. Dolores esse laudantium dolorem ea laborum aut aliquid. Vel aut consequuntur sit non tempora necessitatibus minima.', '1989-11-08 13:17:16');
INSERT INTO `messages` (`id`, `from_user_id`, `to_user_id`, `body`, `created_at`) VALUES ('44', '44', '44', 'Molestiae consequuntur cupiditate fuga aut consequatur. Quae ducimus officia quibusdam eius et ea. Dolor perferendis at ratione a et.', '1979-01-27 19:54:37');
INSERT INTO `messages` (`id`, `from_user_id`, `to_user_id`, `body`, `created_at`) VALUES ('45', '45', '45', 'Repellendus odit earum accusamus aut ea corrupti modi. Cum dolor molestiae eum optio dolores non molestiae. Aut beatae itaque minima et.', '2002-11-05 08:54:05');
INSERT INTO `messages` (`id`, `from_user_id`, `to_user_id`, `body`, `created_at`) VALUES ('46', '46', '46', 'Sit reiciendis aut animi distinctio dicta eos. Distinctio facilis sit explicabo facilis nihil perspiciatis dolores. Veritatis deleniti atque dolores delectus. Atque quos perferendis doloribus officiis rem.', '2019-06-12 05:22:53');
INSERT INTO `messages` (`id`, `from_user_id`, `to_user_id`, `body`, `created_at`) VALUES ('47', '47', '47', 'Odit qui aliquam dolor quod voluptatem architecto. Dolor voluptas dolor eligendi aut. Et qui ea dolorum quas. Omnis nesciunt culpa amet eius et.', '1981-10-18 15:56:58');
INSERT INTO `messages` (`id`, `from_user_id`, `to_user_id`, `body`, `created_at`) VALUES ('48', '48', '48', 'Corrupti quam minima voluptatum quas et dolorum. Vel suscipit aut inventore impedit dolorem dolores distinctio.', '2017-05-03 23:49:28');
INSERT INTO `messages` (`id`, `from_user_id`, `to_user_id`, `body`, `created_at`) VALUES ('49', '49', '49', 'Dolor ratione animi facilis autem exercitationem. Maxime quaerat id architecto et. Alias eos et ab non dolor modi qui. Unde consequatur quia asperiores ea similique.', '2002-09-20 03:06:10');
INSERT INTO `messages` (`id`, `from_user_id`, `to_user_id`, `body`, `created_at`) VALUES ('50', '50', '50', 'Officiis autem facilis voluptas fugiat perspiciatis suscipit. Unde qui quo placeat occaecati ex libero. Fuga aperiam aliquam dolorum sint excepturi voluptatem iure.', '1976-10-25 16:22:04');
INSERT INTO `messages` (`id`, `from_user_id`, `to_user_id`, `body`, `created_at`) VALUES ('51', '51', '51', 'In et nihil voluptate aut vitae facilis et sequi. Dolor deserunt suscipit eos odit autem saepe aut. Quo expedita voluptatem quam ut tempora minima placeat veritatis.', '1974-08-17 05:51:48');
INSERT INTO `messages` (`id`, `from_user_id`, `to_user_id`, `body`, `created_at`) VALUES ('52', '52', '52', 'In sint omnis pariatur eos corrupti quibusdam nesciunt. Inventore ut atque quia voluptas magnam enim recusandae. Facere modi sit quia cum. Vel vero impedit aut est eligendi.', '1975-12-30 10:12:25');
INSERT INTO `messages` (`id`, `from_user_id`, `to_user_id`, `body`, `created_at`) VALUES ('53', '53', '53', 'Voluptatem dignissimos eos maxime similique quasi. Libero quo qui rerum doloribus atque nobis. Aliquid enim similique laboriosam qui voluptatem perspiciatis iure accusantium. Ut molestiae corporis architecto saepe ullam.', '2008-05-15 22:31:32');
INSERT INTO `messages` (`id`, `from_user_id`, `to_user_id`, `body`, `created_at`) VALUES ('54', '54', '54', 'Tempore repudiandae in sit exercitationem modi doloremque ut nisi. Officia autem optio ut dolor eum laborum ut. Placeat ipsum laudantium ratione fugit voluptatum excepturi. Qui et explicabo et explicabo sapiente neque. Nulla et ipsam vero ut consequatur ex ut.', '2001-09-19 10:46:19');
INSERT INTO `messages` (`id`, `from_user_id`, `to_user_id`, `body`, `created_at`) VALUES ('55', '55', '55', 'Itaque dolores est consequuntur dolorum esse facilis iusto. Tenetur molestiae consectetur mollitia quasi maiores esse autem. Sit explicabo vitae et et recusandae.', '1971-05-26 17:34:57');
INSERT INTO `messages` (`id`, `from_user_id`, `to_user_id`, `body`, `created_at`) VALUES ('56', '56', '56', 'Eveniet repellendus quos ducimus reprehenderit optio dolor. Qui sint itaque quidem ipsum deserunt debitis in.', '1978-12-29 15:15:36');
INSERT INTO `messages` (`id`, `from_user_id`, `to_user_id`, `body`, `created_at`) VALUES ('57', '57', '57', 'Porro cum laudantium voluptas rerum odio consectetur iusto. Nulla est pariatur incidunt iste ducimus in ut. Qui ex modi expedita. Non quos sit architecto veritatis iure ut reiciendis. Exercitationem aut aut laborum.', '1982-12-04 15:19:31');
INSERT INTO `messages` (`id`, `from_user_id`, `to_user_id`, `body`, `created_at`) VALUES ('58', '58', '58', 'Dolorem excepturi in nihil adipisci voluptas. Sed omnis nihil aut praesentium et explicabo natus excepturi. Ipsam aut sunt exercitationem qui incidunt corporis maxime quia. Aut dicta repellendus ipsa ut in labore repudiandae.', '1991-09-30 09:40:31');
INSERT INTO `messages` (`id`, `from_user_id`, `to_user_id`, `body`, `created_at`) VALUES ('59', '59', '59', 'Ut eveniet odio autem aut. Porro expedita quos mollitia soluta mollitia nesciunt. Qui dignissimos dolor quae consequuntur corrupti. Sapiente neque aut omnis consequatur accusantium id non.', '1983-04-21 21:37:29');
INSERT INTO `messages` (`id`, `from_user_id`, `to_user_id`, `body`, `created_at`) VALUES ('60', '60', '60', 'Vel veritatis voluptatem quia suscipit id rerum. Tempore dolore qui quidem incidunt enim aut. Sed ipsam dolores nostrum excepturi eos odio. Ex qui officia qui nemo quas quae.', '2019-03-16 04:20:28');
INSERT INTO `messages` (`id`, `from_user_id`, `to_user_id`, `body`, `created_at`) VALUES ('61', '61', '61', 'Aut qui consequatur iusto. Impedit expedita eius molestias rerum vitae. Sed ipsum quo eos in quaerat aut dolores voluptate. Adipisci velit voluptatem sapiente.', '1987-07-28 08:11:36');
INSERT INTO `messages` (`id`, `from_user_id`, `to_user_id`, `body`, `created_at`) VALUES ('62', '62', '62', 'Ab laborum voluptatem excepturi debitis. Ab blanditiis dignissimos distinctio. Deleniti sit impedit at.', '2015-02-20 16:10:03');
INSERT INTO `messages` (`id`, `from_user_id`, `to_user_id`, `body`, `created_at`) VALUES ('63', '63', '63', 'Recusandae veritatis occaecati ullam consequatur. Ipsam natus quibusdam et vero qui beatae rerum. Sint quia eos cumque culpa aliquam tempore rem.', '1998-04-26 12:25:49');
INSERT INTO `messages` (`id`, `from_user_id`, `to_user_id`, `body`, `created_at`) VALUES ('64', '64', '64', 'Doloremque rerum enim assumenda praesentium repudiandae et nemo. Quis qui sint sunt at neque voluptatibus soluta suscipit. Blanditiis explicabo sapiente pariatur perspiciatis iusto.', '2004-01-17 12:36:54');
INSERT INTO `messages` (`id`, `from_user_id`, `to_user_id`, `body`, `created_at`) VALUES ('65', '65', '65', 'Id quae voluptatem facilis qui sed. Ea libero nesciunt illum excepturi rem. Cum impedit impedit vero est repudiandae.', '2010-02-04 12:15:35');
INSERT INTO `messages` (`id`, `from_user_id`, `to_user_id`, `body`, `created_at`) VALUES ('66', '66', '66', 'Quia qui at dolorum voluptatum quidem libero. Distinctio est reiciendis voluptate libero hic. Corrupti sit eligendi et assumenda et. Quos reprehenderit dolores sunt.', '2013-03-09 14:38:01');
INSERT INTO `messages` (`id`, `from_user_id`, `to_user_id`, `body`, `created_at`) VALUES ('67', '67', '67', 'Dolorum nihil officiis ipsa reiciendis numquam et. Inventore et reiciendis maxime cum. Dignissimos ea harum perspiciatis vitae saepe et sit. Culpa corrupti impedit rerum sit iusto incidunt voluptate.', '2002-07-30 02:05:11');
INSERT INTO `messages` (`id`, `from_user_id`, `to_user_id`, `body`, `created_at`) VALUES ('68', '68', '68', 'Rerum aut ut recusandae ea dicta minima voluptatum amet. Est sunt cum doloribus occaecati aspernatur saepe architecto. Sit autem ut qui voluptatem recusandae consequatur fugiat. Fugit et aspernatur sequi molestias atque repellat.', '1989-09-19 18:01:19');
INSERT INTO `messages` (`id`, `from_user_id`, `to_user_id`, `body`, `created_at`) VALUES ('69', '69', '69', 'Et asperiores neque voluptatibus molestias. Quia ullam quod architecto ducimus quam ducimus illo.', '2007-02-10 07:09:48');
INSERT INTO `messages` (`id`, `from_user_id`, `to_user_id`, `body`, `created_at`) VALUES ('70', '70', '70', 'Officia voluptas non deleniti animi rerum rerum. Vero sunt odio aliquam. Et numquam distinctio quaerat doloribus dolore sint.', '1989-11-01 12:11:05');
INSERT INTO `messages` (`id`, `from_user_id`, `to_user_id`, `body`, `created_at`) VALUES ('71', '71', '71', 'Neque exercitationem rerum quibusdam laborum tempore eum fugiat. Qui sequi consequatur fugiat et soluta quia.', '2005-11-17 05:36:20');
INSERT INTO `messages` (`id`, `from_user_id`, `to_user_id`, `body`, `created_at`) VALUES ('72', '72', '72', 'Sed atque quia beatae aperiam impedit dolores. Illum odit dolorem est in et numquam. Esse id quod necessitatibus aut.', '1991-01-27 08:23:13');
INSERT INTO `messages` (`id`, `from_user_id`, `to_user_id`, `body`, `created_at`) VALUES ('73', '73', '73', 'Est beatae et quia cum nobis. Maiores aut qui quasi harum nostrum. Eligendi quas placeat nobis dignissimos pariatur suscipit. Cupiditate sed quidem rerum iure.', '2008-04-22 21:08:31');
INSERT INTO `messages` (`id`, `from_user_id`, `to_user_id`, `body`, `created_at`) VALUES ('74', '74', '74', 'Aut nobis reprehenderit at aliquid. Tempore quas eveniet quaerat vel non natus. Ducimus ut aut quidem aut corporis. Aut id est et quam. Laboriosam possimus excepturi eum aliquam in voluptatum.', '2019-04-28 04:12:31');
INSERT INTO `messages` (`id`, `from_user_id`, `to_user_id`, `body`, `created_at`) VALUES ('75', '75', '75', 'Ea molestiae veniam omnis. Consequatur quaerat quod est vel. Exercitationem delectus eligendi error rerum dolorem qui. Quia voluptas esse excepturi voluptatibus.', '1994-12-26 09:23:46');
INSERT INTO `messages` (`id`, `from_user_id`, `to_user_id`, `body`, `created_at`) VALUES ('76', '76', '76', 'Et est incidunt deleniti magnam rerum atque. Molestiae est quod adipisci est tempora. Labore quis a molestias temporibus id dolorem.', '1989-11-28 15:35:19');
INSERT INTO `messages` (`id`, `from_user_id`, `to_user_id`, `body`, `created_at`) VALUES ('77', '77', '77', 'Vero voluptatem aut deserunt a. Aperiam asperiores voluptas sit odio quasi modi. Laudantium illum placeat maiores voluptates.', '1983-05-17 17:33:14');
INSERT INTO `messages` (`id`, `from_user_id`, `to_user_id`, `body`, `created_at`) VALUES ('78', '78', '78', 'Maxime quidem minima aspernatur earum. Quia voluptatem itaque iure deleniti et. Aliquam maiores repellendus harum et beatae ducimus.', '2001-04-13 15:58:27');
INSERT INTO `messages` (`id`, `from_user_id`, `to_user_id`, `body`, `created_at`) VALUES ('79', '79', '79', 'Consequuntur ad velit ea quos non. Ipsum nam nemo ipsa blanditiis aliquam fugiat aliquam.', '1996-06-12 02:15:46');
INSERT INTO `messages` (`id`, `from_user_id`, `to_user_id`, `body`, `created_at`) VALUES ('80', '80', '80', 'In et temporibus hic earum rerum dolor. Vero veritatis expedita cupiditate neque animi. Et vel qui qui porro optio omnis voluptate.', '1988-09-09 04:13:18');
INSERT INTO `messages` (`id`, `from_user_id`, `to_user_id`, `body`, `created_at`) VALUES ('81', '81', '81', 'Corporis modi rerum dolor. Eos praesentium reprehenderit deserunt et ut sequi. Voluptate consequuntur error aspernatur ut beatae officiis. Quae sint dolores explicabo nihil laudantium et omnis.', '1974-05-16 14:25:27');
INSERT INTO `messages` (`id`, `from_user_id`, `to_user_id`, `body`, `created_at`) VALUES ('82', '82', '82', 'Et earum dolore quaerat quo quis accusamus officia. Excepturi omnis maxime nihil qui. Tempora dolorem at quia minus illo sapiente.', '2016-06-26 23:22:33');
INSERT INTO `messages` (`id`, `from_user_id`, `to_user_id`, `body`, `created_at`) VALUES ('83', '83', '83', 'Et necessitatibus aut et perspiciatis at. Accusamus harum assumenda expedita iure eius quis. Est rerum autem officia quia. Est fugiat quibusdam sed magni quia aut. Repellendus quibusdam consequuntur omnis consequatur.', '1998-06-20 07:31:47');
INSERT INTO `messages` (`id`, `from_user_id`, `to_user_id`, `body`, `created_at`) VALUES ('84', '84', '84', 'Aut impedit sed perferendis itaque quo ipsa. Earum voluptate molestiae sed necessitatibus est. Ducimus error ullam inventore repellendus sint cupiditate quidem.', '1977-01-26 09:58:40');
INSERT INTO `messages` (`id`, `from_user_id`, `to_user_id`, `body`, `created_at`) VALUES ('85', '85', '85', 'Est et consectetur quo adipisci amet itaque. Illo accusantium nisi provident eum quaerat doloribus odit. Quae laudantium eligendi dolore est et. Omnis magnam similique accusantium nostrum inventore velit. Sequi qui laboriosam dolorum totam necessitatibus.', '1992-07-02 02:47:22');
INSERT INTO `messages` (`id`, `from_user_id`, `to_user_id`, `body`, `created_at`) VALUES ('86', '86', '86', 'Enim libero aut laboriosam dolorem saepe. Molestiae laborum quo possimus minima sit. Id aut et amet officiis quis tenetur.', '2006-08-07 11:18:28');
INSERT INTO `messages` (`id`, `from_user_id`, `to_user_id`, `body`, `created_at`) VALUES ('87', '87', '87', 'Dignissimos veniam labore et. Aut dolorem necessitatibus enim ut odit molestiae. Odio quasi laboriosam rerum.', '1984-11-04 22:36:49');
INSERT INTO `messages` (`id`, `from_user_id`, `to_user_id`, `body`, `created_at`) VALUES ('88', '88', '88', 'In facere dolore voluptatem quo. Adipisci saepe deserunt quo omnis nihil dolor.', '2010-01-30 12:39:47');
INSERT INTO `messages` (`id`, `from_user_id`, `to_user_id`, `body`, `created_at`) VALUES ('89', '89', '89', 'Itaque dicta maiores explicabo quibusdam itaque. Dolores quo aut exercitationem vel. Eaque et occaecati consequuntur aut. Ipsa voluptatibus et distinctio perferendis voluptas at.', '2011-08-31 19:48:07');
INSERT INTO `messages` (`id`, `from_user_id`, `to_user_id`, `body`, `created_at`) VALUES ('90', '90', '90', 'Ducimus voluptatem dolore ea recusandae. Autem tempora unde doloremque et. Consequatur voluptas et quis et unde modi.', '1981-01-03 04:30:41');
INSERT INTO `messages` (`id`, `from_user_id`, `to_user_id`, `body`, `created_at`) VALUES ('91', '91', '91', 'Illo id molestiae quam autem et. Ipsam molestiae vel repellendus aliquid praesentium assumenda et culpa. Sapiente occaecati nobis voluptas ipsum illo consequatur. Autem perspiciatis nulla enim aut aperiam quo commodi.', '2009-02-01 09:15:48');
INSERT INTO `messages` (`id`, `from_user_id`, `to_user_id`, `body`, `created_at`) VALUES ('92', '92', '92', 'Sequi sit velit similique. Reiciendis alias ut quas voluptates voluptatem numquam ullam. Et odit consectetur placeat magnam consequuntur porro quod.', '2012-02-13 18:33:12');
INSERT INTO `messages` (`id`, `from_user_id`, `to_user_id`, `body`, `created_at`) VALUES ('93', '93', '93', 'Expedita amet dolor quo non voluptatem quos in. Quae distinctio numquam maxime animi cum repellat. Est laboriosam ipsum qui in. Nam repudiandae neque mollitia quibusdam commodi id.', '2016-02-13 04:18:15');
INSERT INTO `messages` (`id`, `from_user_id`, `to_user_id`, `body`, `created_at`) VALUES ('94', '94', '94', 'Qui autem atque debitis dignissimos ex et fugiat voluptatem. Et alias impedit provident aut. Quis vitae quia nihil aut quibusdam quae ipsam. Magni est sed est veritatis cupiditate.', '1984-08-02 15:24:00');
INSERT INTO `messages` (`id`, `from_user_id`, `to_user_id`, `body`, `created_at`) VALUES ('95', '95', '95', 'Dolores saepe asperiores natus ab veniam. Ea non et ea perferendis. Aut assumenda rerum et incidunt rerum magnam.', '1978-06-16 08:40:02');
INSERT INTO `messages` (`id`, `from_user_id`, `to_user_id`, `body`, `created_at`) VALUES ('96', '96', '96', 'Culpa laboriosam nemo ut ut magnam omnis. Voluptate ipsam vitae dignissimos libero. Deleniti architecto est sequi rerum sequi facere dolorem recusandae. Quaerat quaerat et odio cumque.', '2010-04-21 15:21:55');
INSERT INTO `messages` (`id`, `from_user_id`, `to_user_id`, `body`, `created_at`) VALUES ('97', '97', '97', 'Velit non magni voluptatem aperiam recusandae. Facere dolor rem amet qui ipsum illo. Et dolor numquam totam numquam quibusdam aliquid ut provident. Error dolorum ut quam qui numquam non hic. Consequatur consequuntur voluptatibus itaque maiores soluta temporibus corporis esse.', '1985-06-04 00:23:27');
INSERT INTO `messages` (`id`, `from_user_id`, `to_user_id`, `body`, `created_at`) VALUES ('98', '98', '98', 'Velit cupiditate eum est sit dolorem omnis non. Cumque error error quo aut doloribus dolorum. Consectetur illo illo voluptatem. Deserunt deleniti aut qui voluptatem voluptatem fuga sit nihil.', '1989-07-27 00:44:35');
INSERT INTO `messages` (`id`, `from_user_id`, `to_user_id`, `body`, `created_at`) VALUES ('99', '99', '99', 'Et consequatur vel perspiciatis aut. Odio et aliquid quo qui distinctio perferendis. Reprehenderit rerum voluptatem porro rerum. Est quibusdam aperiam reiciendis aut magnam nostrum.', '2019-10-05 05:26:21');
INSERT INTO `messages` (`id`, `from_user_id`, `to_user_id`, `body`, `created_at`) VALUES ('100', '100', '100', 'Repellendus qui voluptates nesciunt. Libero quia suscipit illum aut quam similique laborum. Debitis voluptatem fugiat eveniet. Quasi in et et placeat magni. Nihil perspiciatis est culpa praesentium magnam fugiat.', '1994-10-07 12:30:43');

#
# TABLE: communities
#

INSERT INTO `communities` (`id`, `name`) VALUES ('5', 'a');
INSERT INTO `communities` (`id`, `name`) VALUES ('91', 'a');
INSERT INTO `communities` (`id`, `name`) VALUES ('20', 'adipisci');
INSERT INTO `communities` (`id`, `name`) VALUES ('83', 'architecto');
INSERT INTO `communities` (`id`, `name`) VALUES ('47', 'aspernatur');
INSERT INTO `communities` (`id`, `name`) VALUES ('82', 'atque');
INSERT INTO `communities` (`id`, `name`) VALUES ('31', 'beatae');
INSERT INTO `communities` (`id`, `name`) VALUES ('57', 'blanditiis');
INSERT INTO `communities` (`id`, `name`) VALUES ('14', 'consequatur');
INSERT INTO `communities` (`id`, `name`) VALUES ('61', 'consequatur');
INSERT INTO `communities` (`id`, `name`) VALUES ('65', 'consequatur');
INSERT INTO `communities` (`id`, `name`) VALUES ('41', 'corporis');
INSERT INTO `communities` (`id`, `name`) VALUES ('37', 'corrupti');
INSERT INTO `communities` (`id`, `name`) VALUES ('4', 'culpa');
INSERT INTO `communities` (`id`, `name`) VALUES ('32', 'cumque');
INSERT INTO `communities` (`id`, `name`) VALUES ('59', 'cumque');
INSERT INTO `communities` (`id`, `name`) VALUES ('94', 'delectus');
INSERT INTO `communities` (`id`, `name`) VALUES ('81', 'dolores');
INSERT INTO `communities` (`id`, `name`) VALUES ('29', 'doloribus');
INSERT INTO `communities` (`id`, `name`) VALUES ('11', 'eaque');
INSERT INTO `communities` (`id`, `name`) VALUES ('35', 'eius');
INSERT INTO `communities` (`id`, `name`) VALUES ('45', 'enim');
INSERT INTO `communities` (`id`, `name`) VALUES ('15', 'eos');
INSERT INTO `communities` (`id`, `name`) VALUES ('24', 'et');
INSERT INTO `communities` (`id`, `name`) VALUES ('64', 'et');
INSERT INTO `communities` (`id`, `name`) VALUES ('69', 'et');
INSERT INTO `communities` (`id`, `name`) VALUES ('99', 'et');
INSERT INTO `communities` (`id`, `name`) VALUES ('34', 'eveniet');
INSERT INTO `communities` (`id`, `name`) VALUES ('52', 'eveniet');
INSERT INTO `communities` (`id`, `name`) VALUES ('74', 'ex');
INSERT INTO `communities` (`id`, `name`) VALUES ('88', 'explicabo');
INSERT INTO `communities` (`id`, `name`) VALUES ('46', 'illo');
INSERT INTO `communities` (`id`, `name`) VALUES ('75', 'inventore');
INSERT INTO `communities` (`id`, `name`) VALUES ('28', 'ipsa');
INSERT INTO `communities` (`id`, `name`) VALUES ('79', 'ipsum');
INSERT INTO `communities` (`id`, `name`) VALUES ('22', 'laboriosam');
INSERT INTO `communities` (`id`, `name`) VALUES ('43', 'magnam');
INSERT INTO `communities` (`id`, `name`) VALUES ('84', 'magni');
INSERT INTO `communities` (`id`, `name`) VALUES ('38', 'maiores');
INSERT INTO `communities` (`id`, `name`) VALUES ('27', 'minima');
INSERT INTO `communities` (`id`, `name`) VALUES ('90', 'minima');
INSERT INTO `communities` (`id`, `name`) VALUES ('2', 'minus');
INSERT INTO `communities` (`id`, `name`) VALUES ('13', 'molestias');
INSERT INTO `communities` (`id`, `name`) VALUES ('25', 'nemo');
INSERT INTO `communities` (`id`, `name`) VALUES ('40', 'nihil');
INSERT INTO `communities` (`id`, `name`) VALUES ('21', 'nobis');
INSERT INTO `communities` (`id`, `name`) VALUES ('9', 'non');
INSERT INTO `communities` (`id`, `name`) VALUES ('42', 'non');
INSERT INTO `communities` (`id`, `name`) VALUES ('92', 'non');
INSERT INTO `communities` (`id`, `name`) VALUES ('39', 'nulla');
INSERT INTO `communities` (`id`, `name`) VALUES ('95', 'numquam');
INSERT INTO `communities` (`id`, `name`) VALUES ('48', 'omnis');
INSERT INTO `communities` (`id`, `name`) VALUES ('63', 'omnis');
INSERT INTO `communities` (`id`, `name`) VALUES ('6', 'optio');
INSERT INTO `communities` (`id`, `name`) VALUES ('89', 'optio');
INSERT INTO `communities` (`id`, `name`) VALUES ('56', 'pariatur');
INSERT INTO `communities` (`id`, `name`) VALUES ('85', 'perspiciatis');
INSERT INTO `communities` (`id`, `name`) VALUES ('19', 'porro');
INSERT INTO `communities` (`id`, `name`) VALUES ('68', 'porro');
INSERT INTO `communities` (`id`, `name`) VALUES ('86', 'praesentium');
INSERT INTO `communities` (`id`, `name`) VALUES ('33', 'quasi');
INSERT INTO `communities` (`id`, `name`) VALUES ('58', 'qui');
INSERT INTO `communities` (`id`, `name`) VALUES ('60', 'qui');
INSERT INTO `communities` (`id`, `name`) VALUES ('96', 'qui');
INSERT INTO `communities` (`id`, `name`) VALUES ('62', 'quia');
INSERT INTO `communities` (`id`, `name`) VALUES ('66', 'quibusdam');
INSERT INTO `communities` (`id`, `name`) VALUES ('67', 'quis');
INSERT INTO `communities` (`id`, `name`) VALUES ('70', 'quis');
INSERT INTO `communities` (`id`, `name`) VALUES ('51', 'quo');
INSERT INTO `communities` (`id`, `name`) VALUES ('55', 'quo');
INSERT INTO `communities` (`id`, `name`) VALUES ('72', 'quo');
INSERT INTO `communities` (`id`, `name`) VALUES ('87', 'quo');
INSERT INTO `communities` (`id`, `name`) VALUES ('100', 'quos');
INSERT INTO `communities` (`id`, `name`) VALUES ('23', 'recusandae');
INSERT INTO `communities` (`id`, `name`) VALUES ('93', 'repellat');
INSERT INTO `communities` (`id`, `name`) VALUES ('26', 'repellendus');
INSERT INTO `communities` (`id`, `name`) VALUES ('77', 'rerum');
INSERT INTO `communities` (`id`, `name`) VALUES ('76', 'sapiente');
INSERT INTO `communities` (`id`, `name`) VALUES ('3', 'sed');
INSERT INTO `communities` (`id`, `name`) VALUES ('36', 'sequi');
INSERT INTO `communities` (`id`, `name`) VALUES ('17', 'similique');
INSERT INTO `communities` (`id`, `name`) VALUES ('44', 'similique');
INSERT INTO `communities` (`id`, `name`) VALUES ('10', 'sint');
INSERT INTO `communities` (`id`, `name`) VALUES ('16', 'sint');
INSERT INTO `communities` (`id`, `name`) VALUES ('18', 'sint');
INSERT INTO `communities` (`id`, `name`) VALUES ('8', 'soluta');
INSERT INTO `communities` (`id`, `name`) VALUES ('12', 'sunt');
INSERT INTO `communities` (`id`, `name`) VALUES ('98', 'sunt');
INSERT INTO `communities` (`id`, `name`) VALUES ('49', 'tempora');
INSERT INTO `communities` (`id`, `name`) VALUES ('80', 'temporibus');
INSERT INTO `communities` (`id`, `name`) VALUES ('54', 'unde');
INSERT INTO `communities` (`id`, `name`) VALUES ('30', 'ut');
INSERT INTO `communities` (`id`, `name`) VALUES ('73', 'vel');
INSERT INTO `communities` (`id`, `name`) VALUES ('7', 'vitae');
INSERT INTO `communities` (`id`, `name`) VALUES ('50', 'voluptate');
INSERT INTO `communities` (`id`, `name`) VALUES ('97', 'voluptate');
INSERT INTO `communities` (`id`, `name`) VALUES ('1', 'voluptatem');
INSERT INTO `communities` (`id`, `name`) VALUES ('71', 'voluptatem');
INSERT INTO `communities` (`id`, `name`) VALUES ('53', 'voluptatibus');
INSERT INTO `communities` (`id`, `name`) VALUES ('78', 'voluptatum');

#
# TABLE: users_communities
#

INSERT INTO `users_communities` (`user_id`, `community_id`) VALUES ('1', '1');
INSERT INTO `users_communities` (`user_id`, `community_id`) VALUES ('2', '2');
INSERT INTO `users_communities` (`user_id`, `community_id`) VALUES ('3', '3');
INSERT INTO `users_communities` (`user_id`, `community_id`) VALUES ('4', '4');
INSERT INTO `users_communities` (`user_id`, `community_id`) VALUES ('5', '5');
INSERT INTO `users_communities` (`user_id`, `community_id`) VALUES ('6', '6');
INSERT INTO `users_communities` (`user_id`, `community_id`) VALUES ('7', '7');
INSERT INTO `users_communities` (`user_id`, `community_id`) VALUES ('8', '8');
INSERT INTO `users_communities` (`user_id`, `community_id`) VALUES ('9', '9');
INSERT INTO `users_communities` (`user_id`, `community_id`) VALUES ('10', '10');
INSERT INTO `users_communities` (`user_id`, `community_id`) VALUES ('11', '11');
INSERT INTO `users_communities` (`user_id`, `community_id`) VALUES ('12', '12');
INSERT INTO `users_communities` (`user_id`, `community_id`) VALUES ('13', '13');
INSERT INTO `users_communities` (`user_id`, `community_id`) VALUES ('14', '14');
INSERT INTO `users_communities` (`user_id`, `community_id`) VALUES ('15', '15');
INSERT INTO `users_communities` (`user_id`, `community_id`) VALUES ('16', '16');
INSERT INTO `users_communities` (`user_id`, `community_id`) VALUES ('17', '17');
INSERT INTO `users_communities` (`user_id`, `community_id`) VALUES ('18', '18');
INSERT INTO `users_communities` (`user_id`, `community_id`) VALUES ('19', '19');
INSERT INTO `users_communities` (`user_id`, `community_id`) VALUES ('20', '20');
INSERT INTO `users_communities` (`user_id`, `community_id`) VALUES ('21', '21');
INSERT INTO `users_communities` (`user_id`, `community_id`) VALUES ('22', '22');
INSERT INTO `users_communities` (`user_id`, `community_id`) VALUES ('23', '23');
INSERT INTO `users_communities` (`user_id`, `community_id`) VALUES ('24', '24');
INSERT INTO `users_communities` (`user_id`, `community_id`) VALUES ('25', '25');
INSERT INTO `users_communities` (`user_id`, `community_id`) VALUES ('26', '26');
INSERT INTO `users_communities` (`user_id`, `community_id`) VALUES ('27', '27');
INSERT INTO `users_communities` (`user_id`, `community_id`) VALUES ('28', '28');
INSERT INTO `users_communities` (`user_id`, `community_id`) VALUES ('29', '29');
INSERT INTO `users_communities` (`user_id`, `community_id`) VALUES ('30', '30');
INSERT INTO `users_communities` (`user_id`, `community_id`) VALUES ('31', '31');
INSERT INTO `users_communities` (`user_id`, `community_id`) VALUES ('32', '32');
INSERT INTO `users_communities` (`user_id`, `community_id`) VALUES ('33', '33');
INSERT INTO `users_communities` (`user_id`, `community_id`) VALUES ('34', '34');
INSERT INTO `users_communities` (`user_id`, `community_id`) VALUES ('35', '35');
INSERT INTO `users_communities` (`user_id`, `community_id`) VALUES ('36', '36');
INSERT INTO `users_communities` (`user_id`, `community_id`) VALUES ('37', '37');
INSERT INTO `users_communities` (`user_id`, `community_id`) VALUES ('38', '38');
INSERT INTO `users_communities` (`user_id`, `community_id`) VALUES ('39', '39');
INSERT INTO `users_communities` (`user_id`, `community_id`) VALUES ('40', '40');
INSERT INTO `users_communities` (`user_id`, `community_id`) VALUES ('41', '41');
INSERT INTO `users_communities` (`user_id`, `community_id`) VALUES ('42', '42');
INSERT INTO `users_communities` (`user_id`, `community_id`) VALUES ('43', '43');
INSERT INTO `users_communities` (`user_id`, `community_id`) VALUES ('44', '44');
INSERT INTO `users_communities` (`user_id`, `community_id`) VALUES ('45', '45');
INSERT INTO `users_communities` (`user_id`, `community_id`) VALUES ('46', '46');
INSERT INTO `users_communities` (`user_id`, `community_id`) VALUES ('47', '47');
INSERT INTO `users_communities` (`user_id`, `community_id`) VALUES ('48', '48');
INSERT INTO `users_communities` (`user_id`, `community_id`) VALUES ('49', '49');
INSERT INTO `users_communities` (`user_id`, `community_id`) VALUES ('50', '50');
INSERT INTO `users_communities` (`user_id`, `community_id`) VALUES ('51', '51');
INSERT INTO `users_communities` (`user_id`, `community_id`) VALUES ('52', '52');
INSERT INTO `users_communities` (`user_id`, `community_id`) VALUES ('53', '53');
INSERT INTO `users_communities` (`user_id`, `community_id`) VALUES ('54', '54');
INSERT INTO `users_communities` (`user_id`, `community_id`) VALUES ('55', '55');
INSERT INTO `users_communities` (`user_id`, `community_id`) VALUES ('56', '56');
INSERT INTO `users_communities` (`user_id`, `community_id`) VALUES ('57', '57');
INSERT INTO `users_communities` (`user_id`, `community_id`) VALUES ('58', '58');
INSERT INTO `users_communities` (`user_id`, `community_id`) VALUES ('59', '59');
INSERT INTO `users_communities` (`user_id`, `community_id`) VALUES ('60', '60');
INSERT INTO `users_communities` (`user_id`, `community_id`) VALUES ('61', '61');
INSERT INTO `users_communities` (`user_id`, `community_id`) VALUES ('62', '62');
INSERT INTO `users_communities` (`user_id`, `community_id`) VALUES ('63', '63');
INSERT INTO `users_communities` (`user_id`, `community_id`) VALUES ('64', '64');
INSERT INTO `users_communities` (`user_id`, `community_id`) VALUES ('65', '65');
INSERT INTO `users_communities` (`user_id`, `community_id`) VALUES ('66', '66');
INSERT INTO `users_communities` (`user_id`, `community_id`) VALUES ('67', '67');
INSERT INTO `users_communities` (`user_id`, `community_id`) VALUES ('68', '68');
INSERT INTO `users_communities` (`user_id`, `community_id`) VALUES ('69', '69');
INSERT INTO `users_communities` (`user_id`, `community_id`) VALUES ('70', '70');
INSERT INTO `users_communities` (`user_id`, `community_id`) VALUES ('71', '71');
INSERT INTO `users_communities` (`user_id`, `community_id`) VALUES ('72', '72');
INSERT INTO `users_communities` (`user_id`, `community_id`) VALUES ('73', '73');
INSERT INTO `users_communities` (`user_id`, `community_id`) VALUES ('74', '74');
INSERT INTO `users_communities` (`user_id`, `community_id`) VALUES ('75', '75');
INSERT INTO `users_communities` (`user_id`, `community_id`) VALUES ('76', '76');
INSERT INTO `users_communities` (`user_id`, `community_id`) VALUES ('77', '77');
INSERT INTO `users_communities` (`user_id`, `community_id`) VALUES ('78', '78');
INSERT INTO `users_communities` (`user_id`, `community_id`) VALUES ('79', '79');
INSERT INTO `users_communities` (`user_id`, `community_id`) VALUES ('80', '80');
INSERT INTO `users_communities` (`user_id`, `community_id`) VALUES ('81', '81');
INSERT INTO `users_communities` (`user_id`, `community_id`) VALUES ('82', '82');
INSERT INTO `users_communities` (`user_id`, `community_id`) VALUES ('83', '83');
INSERT INTO `users_communities` (`user_id`, `community_id`) VALUES ('84', '84');
INSERT INTO `users_communities` (`user_id`, `community_id`) VALUES ('85', '85');
INSERT INTO `users_communities` (`user_id`, `community_id`) VALUES ('86', '86');
INSERT INTO `users_communities` (`user_id`, `community_id`) VALUES ('87', '87');
INSERT INTO `users_communities` (`user_id`, `community_id`) VALUES ('88', '88');
INSERT INTO `users_communities` (`user_id`, `community_id`) VALUES ('89', '89');
INSERT INTO `users_communities` (`user_id`, `community_id`) VALUES ('90', '90');
INSERT INTO `users_communities` (`user_id`, `community_id`) VALUES ('91', '91');
INSERT INTO `users_communities` (`user_id`, `community_id`) VALUES ('92', '92');
INSERT INTO `users_communities` (`user_id`, `community_id`) VALUES ('93', '93');
INSERT INTO `users_communities` (`user_id`, `community_id`) VALUES ('94', '94');
INSERT INTO `users_communities` (`user_id`, `community_id`) VALUES ('95', '95');
INSERT INTO `users_communities` (`user_id`, `community_id`) VALUES ('96', '96');
INSERT INTO `users_communities` (`user_id`, `community_id`) VALUES ('97', '97');
INSERT INTO `users_communities` (`user_id`, `community_id`) VALUES ('98', '98');
INSERT INTO `users_communities` (`user_id`, `community_id`) VALUES ('99', '99');
INSERT INTO `users_communities` (`user_id`, `community_id`) VALUES ('100', '100');


#
# TABLE: friend_requests
#

INSERT INTO `friend_requests` VALUES ('1','8','requested','1980-04-26 05:14:07','1971-03-28 03:14:45'),
('1','59','approved','1975-06-04 00:56:32','1975-11-24 03:53:43'),
('2','74','requested','2001-06-24 22:53:13','2017-01-29 00:01:28'),
('3','71','unfriended','1982-07-05 18:39:04','1976-09-28 07:41:30'),
('7','42','declined','2014-07-28 22:46:58','1979-02-26 03:56:21'),
('9','66','declined','2013-05-23 09:40:59','1983-12-05 09:59:04'),
('10','57','approved','2015-01-23 18:18:29','2012-04-23 12:27:26'),
('10','66','requested','1997-07-12 23:15:08','1975-11-09 16:27:52'),
('10','97','approved','2006-05-31 21:26:59','1974-09-28 09:20:52'),
('11','74','declined','1982-05-21 03:47:28','1980-05-10 15:04:14'),
('11','99','declined','1980-03-16 03:00:16','1974-08-02 18:15:11'),
('12','14','declined','2007-11-12 06:46:20','2014-08-25 20:28:39'),
('13','26','declined','1994-07-29 18:33:32','1992-01-15 02:30:01'),
('13','75','unfriended','1974-08-26 18:05:50','1976-04-20 02:17:51'),
('14','6','requested','2009-06-17 15:10:47','2018-04-09 04:15:37'),
('15','38','approved','1989-01-20 19:34:38','1989-03-29 19:32:52'),
('18','53','unfriended','1996-07-30 19:59:27','1996-02-19 07:47:06'),
('20','90','approved','1978-07-08 22:49:43','1991-12-02 12:49:55'),
('21','7','declined','2002-05-18 22:48:17','2005-03-18 20:22:55'),
('23','69','unfriended','2006-10-18 06:53:23','2011-07-17 17:58:54'),
('24','86','approved','2019-06-16 04:00:33','1986-12-28 14:19:02'),
('25','93','requested','2007-11-23 00:37:25','1985-05-30 19:04:13'),
('26','27','requested','1988-12-23 08:53:19','2002-04-12 11:29:35'),
('27','40','unfriended','1989-08-15 09:04:06','1971-07-17 23:45:01'),
('27','50','unfriended','1981-05-28 08:44:32','2003-12-08 22:25:07'),
('28','52','approved','1984-03-12 11:26:50','1994-02-09 14:02:10'),
('28','62','requested','1976-11-06 14:07:24','1978-08-15 03:20:47'),
('30','37','declined','1999-12-05 10:56:58','1979-05-10 07:31:21'),
('32','40','unfriended','1996-03-15 16:05:13','2015-05-03 19:45:05'),
('32','68','approved','1992-03-02 10:51:01','1998-03-01 01:54:45'),
('33','24','unfriended','1987-08-04 16:30:37','1983-03-04 23:10:55'),
('36','16','declined','1991-07-17 04:58:12','2012-11-21 01:39:21'),
('36','35','approved','1991-10-10 05:37:25','1986-10-04 07:11:53'),
('36','69','approved','1992-07-28 19:18:58','2000-11-05 14:48:42'),
('37','18','declined','2008-01-17 16:13:48','2010-11-05 11:31:38'),
('38','100','approved','1974-04-29 19:07:23','1994-09-08 21:37:07'),
('39','44','unfriended','2005-11-15 18:42:32','2012-01-06 14:47:20'),
('41','21','declined','2017-08-10 18:50:05','2003-06-02 02:15:50'),
('41','62','unfriended','1998-11-26 18:27:10','1989-08-16 16:55:15'),
('41','96','approved','1993-03-20 00:15:01','2004-05-30 17:41:42'),
('42','21','requested','2018-10-01 11:53:52','1989-07-03 01:43:37'),
('44','88','approved','1996-11-18 17:45:45','1987-06-04 19:39:58'),
('45','91','declined','2008-03-06 22:34:04','1973-02-21 14:45:12'),
('46','35','approved','1974-08-24 18:33:20','2002-09-16 18:09:14'),
('46','81','declined','1978-12-14 18:46:10','2013-05-29 04:01:47'),
('47','2','declined','1979-09-08 15:36:35','1973-07-23 05:58:49'),
('47','28','approved','1986-05-09 22:06:39','1983-02-24 15:06:45'),
('47','94','declined','1979-12-15 22:11:19','2007-09-29 05:06:30'),
('48','7','declined','1980-04-02 00:12:19','2008-10-28 08:15:24'),
('49','86','declined','1987-12-24 19:14:39','2015-05-01 16:13:34'),
('50','61','unfriended','2017-11-22 13:04:40','1989-02-15 09:52:51'),
('50','96','declined','1981-08-30 02:26:28','1987-09-15 19:55:46'),
('50','98','requested','1987-02-09 13:20:49','1992-01-10 16:09:06'),
('51','57','requested','2008-01-13 08:21:58','2018-06-21 04:04:15'),
('52','50','declined','2012-06-01 09:28:55','1992-01-21 12:56:15'),
('54','42','requested','1975-03-25 03:27:16','2003-05-26 19:46:18'),
('54','93','approved','1991-05-04 14:49:06','1994-11-10 16:36:45'),
('55','45','requested','1981-09-29 20:14:18','1977-11-15 21:10:20'),
('56','2','declined','1970-01-25 17:33:33','1970-01-15 23:27:54'),
('56','39','declined','2014-09-13 12:58:35','1982-03-29 04:50:29'),
('56','43','requested','1986-01-11 14:53:46','1981-06-18 21:22:12'),
('56','62','approved','1990-07-24 10:31:56','2003-09-24 01:23:24'),
('57','12','declined','2015-04-02 07:19:02','1992-03-25 17:46:56'),
('58','33','unfriended','1979-03-09 04:40:07','1998-05-14 14:41:33'),
('59','47','unfriended','1994-02-20 05:44:00','2018-02-25 18:53:11'),
('59','68','declined','1989-12-17 18:17:23','1971-05-12 01:17:29'),
('59','72','unfriended','1994-04-26 05:40:46','1991-02-11 06:27:44'),
('60','52','declined','1976-05-24 18:02:40','1997-11-02 07:34:05'),
('60','61','approved','2004-12-15 11:05:56','1987-03-12 22:27:53'),
('60','67','approved','1989-10-29 12:25:47','1995-03-06 19:31:12'),
('64','57','requested','1983-10-23 07:26:41','1997-01-23 23:59:09'),
('65','31','declined','1985-04-07 11:52:20','2005-09-23 03:36:00'),
('68','78','requested','1978-02-25 23:59:16','1977-06-21 09:33:53'),
('69','9','approved','2016-04-29 08:32:45','2003-11-18 02:32:51'),
('71','68','unfriended','1991-07-07 01:10:13','2018-06-07 00:52:04'),
('71','69','requested','1989-09-03 11:39:16','1987-02-21 17:55:46'),
('71','70','unfriended','1980-06-10 16:35:36','2014-09-13 02:55:56'),
('73','39','approved','1980-02-14 02:08:42','1980-07-18 22:08:49'),
('76','81','requested','1973-08-12 13:16:50','2016-04-18 21:10:07'),
('78','15','declined','1993-08-07 08:13:25','2001-12-27 14:43:24'),
('78','45','approved','1970-01-14 11:45:23','1991-08-20 21:58:31'),
('79','100','requested','1983-01-05 06:31:31','1982-08-28 21:26:52'),
('80','72','unfriended','1985-03-27 23:53:06','1989-10-05 17:29:25'),
('81','25','declined','1989-10-31 13:25:19','1976-03-14 10:59:52'),
('81','98','unfriended','1996-06-18 12:47:38','2010-11-04 01:15:12'),
('82','7','unfriended','1990-03-07 02:28:37','1975-09-01 08:22:46'),
('82','91','declined','1975-03-24 09:54:00','1973-09-20 20:16:28'),
('86','9','unfriended','1981-10-24 14:57:54','2012-02-05 06:00:14'),
('88','34','requested','1970-03-22 08:35:23','2016-01-04 10:40:31'),
('90','44','requested','1986-02-18 00:32:57','2000-02-23 20:10:13'),
('92','80','requested','1990-03-11 11:03:04','2007-07-06 01:13:26'),
('94','14','declined','2008-01-07 11:29:16','1974-07-01 10:13:27'),
('94','32','unfriended','2001-10-13 19:13:04','1984-02-02 12:21:19'),
('94','56','approved','2014-11-12 18:13:50','2006-07-04 20:01:28'),
('97','16','unfriended','2017-01-23 08:30:09','2001-03-22 12:34:46'),
('100','56','declined','2003-04-23 08:25:07','1986-07-05 17:53:09'),
('100','61','approved','1976-07-30 04:02:44','2014-11-15 03:31:48'),
('100','75','declined','2011-05-20 21:11:13','1994-11-12 16:06:17'),
('100','86','approved','2011-01-04 15:04:14','1979-08-25 09:23:44');

#
# TABLE: media_types
#

INSERT INTO `media_types` (`id`, `name`, `created_at`, `updated_at`) VALUES ('1', 'audio', '1992-04-14 14:59:51', '2004-07-08 14:51:59');
INSERT INTO `media_types` (`id`, `name`, `created_at`, `updated_at`) VALUES ('2', 'picture', '1981-08-15 10:37:52', '2005-03-25 15:22:02');
INSERT INTO `media_types` (`id`, `name`, `created_at`, `updated_at`) VALUES ('3', 'video', '2016-08-09 07:46:40', '2007-12-16 13:31:15');


#
# TABLE: media
#

INSERT INTO `media` (`id`, `media_type_id`, `user_id`, `body`, `filename`, `size`, `metadata`, `created_at`, `updated_at`) VALUES ('1', '1', '1', 'Dolorum vero dolor iure magni dolorem. Voluptatum deleniti perferendis dolorum praesentium deleniti fugit. Exercitationem est cum in nam sint voluptatem quis magnam.', 'iusto', 65, NULL, '1979-12-26 19:52:56', '1996-02-24 02:27:14');
INSERT INTO `media` (`id`, `media_type_id`, `user_id`, `body`, `filename`, `size`, `metadata`, `created_at`, `updated_at`) VALUES ('2', '2', '2', 'Quo rerum ut non. Ratione corrupti suscipit et natus corporis. Adipisci ut saepe sit expedita pariatur beatae repudiandae. Possimus ipsa nisi qui et nam beatae minus.', 'eligendi', 39862, NULL, '2013-10-30 00:43:11', '2002-10-11 07:36:29');
INSERT INTO `media` (`id`, `media_type_id`, `user_id`, `body`, `filename`, `size`, `metadata`, `created_at`, `updated_at`) VALUES ('3', '3', '3', 'Error tempora nisi nesciunt sint hic quos. Assumenda qui nam dolores aut. Natus dolorum suscipit quidem qui molestias quia. Dolor quia provident ab esse omnis reiciendis. Illo pariatur est molestiae recusandae adipisci iure.', 'id', 61460548, NULL, '2002-06-29 17:50:38', '2014-04-09 10:17:42');
INSERT INTO `media` (`id`, `media_type_id`, `user_id`, `body`, `filename`, `size`, `metadata`, `created_at`, `updated_at`) VALUES ('4', '1', '4', 'Velit cum placeat esse magnam similique esse laborum quasi. Optio repudiandae illo est minima dolor quis a qui. Et voluptas laboriosam quia rerum quod et. Voluptatem amet perspiciatis eaque autem. Itaque accusamus dignissimos totam mollitia voluptatem.', 'repellat', 59, NULL, '1974-02-26 06:28:31', '1994-08-06 13:55:08');
INSERT INTO `media` (`id`, `media_type_id`, `user_id`, `body`, `filename`, `size`, `metadata`, `created_at`, `updated_at`) VALUES ('5', '2', '5', 'Nihil a maxime ut illo rerum fugit ut ut. Architecto nobis ut dolorum quisquam sunt voluptatem. Qui odio quibusdam eum delectus accusamus. Sed reiciendis quis ut nihil porro consequatur consequatur.', 'aut', 10, NULL, '1971-03-26 14:38:28', '2008-07-14 16:33:02');
INSERT INTO `media` (`id`, `media_type_id`, `user_id`, `body`, `filename`, `size`, `metadata`, `created_at`, `updated_at`) VALUES ('6', '3', '6', 'Eius odit optio consequatur quia ut animi. Consequatur ad dignissimos exercitationem sit. Omnis eligendi accusantium totam saepe autem quo est. Sed aut rem voluptas voluptas distinctio eligendi consequatur. Maiores est dolorem libero architecto reiciendis voluptatem.', 'aperiam', 35460, NULL, '1990-04-02 09:00:36', '1974-09-27 11:38:53');
INSERT INTO `media` (`id`, `media_type_id`, `user_id`, `body`, `filename`, `size`, `metadata`, `created_at`, `updated_at`) VALUES ('7', '1', '7', 'Ratione error ut est perferendis. Voluptatem voluptatem numquam atque omnis voluptas ad. Nesciunt quo distinctio tempore quis.', 'nesciunt', 9504342, NULL, '2012-02-19 18:16:20', '1979-08-08 11:28:08');
INSERT INTO `media` (`id`, `media_type_id`, `user_id`, `body`, `filename`, `size`, `metadata`, `created_at`, `updated_at`) VALUES ('8', '2', '8', 'Porro quam consequatur nihil quo quaerat ipsa et. Sit exercitationem est illo voluptatem magni sunt nulla.', 'sapiente', 87219685, NULL, '1994-03-26 02:25:12', '1971-01-09 20:05:33');
INSERT INTO `media` (`id`, `media_type_id`, `user_id`, `body`, `filename`, `size`, `metadata`, `created_at`, `updated_at`) VALUES ('9', '3', '9', 'Labore accusantium dignissimos occaecati maxime maiores possimus eligendi. Veritatis qui aperiam eum a. Dolore quod placeat rerum dolorem.', 'quia', 3, NULL, '2002-03-24 02:04:56', '1998-05-16 18:40:31');
INSERT INTO `media` (`id`, `media_type_id`, `user_id`, `body`, `filename`, `size`, `metadata`, `created_at`, `updated_at`) VALUES ('10', '1', '10', 'Tenetur quae quia aut nihil alias. Veniam eos dignissimos ab et nisi tempore harum voluptatibus. Aliquid repudiandae dolor soluta atque doloribus minima nesciunt. Provident repellat culpa ea autem magni vitae illo quas. Sit accusantium reiciendis dignissimos praesentium.', 'voluptatibus', 490, NULL, '2004-04-01 06:47:36', '1985-03-15 00:22:20');
INSERT INTO `media` (`id`, `media_type_id`, `user_id`, `body`, `filename`, `size`, `metadata`, `created_at`, `updated_at`) VALUES ('11', '2', '11', 'Omnis provident velit non odio voluptas. Minus at cupiditate nemo quisquam et ipsum molestiae. A dolore vitae ipsa eius ut exercitationem ea.', 'aliquid', 548551, NULL, '1981-10-14 08:00:07', '1998-08-28 11:58:48');
INSERT INTO `media` (`id`, `media_type_id`, `user_id`, `body`, `filename`, `size`, `metadata`, `created_at`, `updated_at`) VALUES ('12', '3', '12', 'Eligendi quod alias at et ipsam assumenda quas soluta. Aut cum voluptatem molestiae. Sunt quis consequuntur minus molestias.', 'blanditiis', 15749, NULL, '1992-08-03 23:04:32', '1999-08-30 01:58:30');
INSERT INTO `media` (`id`, `media_type_id`, `user_id`, `body`, `filename`, `size`, `metadata`, `created_at`, `updated_at`) VALUES ('13', '1', '13', 'Maiores eos debitis quaerat autem sint provident. Voluptas dicta hic quae quis nulla temporibus. Consequatur molestiae est in quaerat. Aut totam similique dolorem quis quo culpa qui.', 'ut', 318, NULL, '1988-08-27 07:25:33', '1987-02-17 22:34:55');
INSERT INTO `media` (`id`, `media_type_id`, `user_id`, `body`, `filename`, `size`, `metadata`, `created_at`, `updated_at`) VALUES ('14', '2', '14', 'Tempore impedit aut libero ut ipsum enim aut. Repudiandae est est dolore placeat saepe rerum quia. Voluptatum soluta ut amet excepturi ipsam incidunt vitae. Laudantium sit cumque eum earum atque.', 'voluptatem', 90919, NULL, '2019-08-20 09:53:26', '1999-10-20 13:03:31');
INSERT INTO `media` (`id`, `media_type_id`, `user_id`, `body`, `filename`, `size`, `metadata`, `created_at`, `updated_at`) VALUES ('15', '3', '15', 'Ea quae corporis deleniti dolorum expedita sunt eos. Quibusdam molestiae perferendis iste doloribus rem sunt. Quasi porro ratione sit.', 'consequatur', 4, NULL, '1998-10-28 01:21:46', '1978-02-22 21:29:26');
INSERT INTO `media` (`id`, `media_type_id`, `user_id`, `body`, `filename`, `size`, `metadata`, `created_at`, `updated_at`) VALUES ('16', '1', '16', 'Sint dignissimos et dolorem voluptas in quasi enim. Hic nihil qui et. Officiis magni provident inventore aliquid.', 'aut', 699136, NULL, '1977-04-28 21:18:28', '1983-04-15 16:30:52');
INSERT INTO `media` (`id`, `media_type_id`, `user_id`, `body`, `filename`, `size`, `metadata`, `created_at`, `updated_at`) VALUES ('17', '2', '17', 'Quisquam ipsa perspiciatis quia ab occaecati dolorem. Eos cum similique nostrum. Eaque esse qui accusamus quidem. Minima voluptatem et magnam commodi.', 'modi', 0, NULL, '1996-10-07 19:21:07', '2001-01-08 07:54:55');
INSERT INTO `media` (`id`, `media_type_id`, `user_id`, `body`, `filename`, `size`, `metadata`, `created_at`, `updated_at`) VALUES ('18', '3', '18', 'Rem accusantium reprehenderit saepe distinctio. Quo rerum soluta maiores facilis. Quas et occaecati incidunt commodi et eveniet. Architecto ratione consequatur molestias qui unde.', 'voluptatem', 89, NULL, '1978-08-29 21:14:21', '1990-01-01 00:14:59');
INSERT INTO `media` (`id`, `media_type_id`, `user_id`, `body`, `filename`, `size`, `metadata`, `created_at`, `updated_at`) VALUES ('19', '1', '19', 'Ea aliquam illo fugiat mollitia hic inventore illum. Reprehenderit amet fuga repudiandae provident quis. Officiis perferendis est reprehenderit autem id laborum aut.', 'quos', 0, NULL, '1999-09-27 09:01:21', '1976-10-11 04:22:41');
INSERT INTO `media` (`id`, `media_type_id`, `user_id`, `body`, `filename`, `size`, `metadata`, `created_at`, `updated_at`) VALUES ('20', '2', '20', 'Est laudantium dicta dolorem quo est facilis nobis excepturi. Eligendi voluptas sit dolorum nobis nemo non cupiditate numquam. Et libero est temporibus in sed. Dolores quae eaque optio.', 'velit', 6011432, NULL, '2015-05-09 00:28:32', '2001-12-22 15:15:43');
INSERT INTO `media` (`id`, `media_type_id`, `user_id`, `body`, `filename`, `size`, `metadata`, `created_at`, `updated_at`) VALUES ('21', '3', '21', 'Optio placeat enim aut qui. Vel possimus ex libero aut non est quae. Impedit nostrum rerum dolore omnis. Aut illo voluptatum ex omnis.', 'ullam', 4797936, NULL, '2004-10-30 02:02:36', '2008-04-08 12:38:56');
INSERT INTO `media` (`id`, `media_type_id`, `user_id`, `body`, `filename`, `size`, `metadata`, `created_at`, `updated_at`) VALUES ('22', '1', '22', 'Inventore at sed molestiae animi ut doloribus ullam. Sunt laboriosam ullam voluptate. Deserunt molestiae quis soluta quae.', 'ratione', 91, NULL, '1987-10-12 00:37:33', '1975-07-26 17:02:09');
INSERT INTO `media` (`id`, `media_type_id`, `user_id`, `body`, `filename`, `size`, `metadata`, `created_at`, `updated_at`) VALUES ('23', '2', '23', 'Minus sit et doloribus asperiores. Eius sint magnam cum occaecati suscipit. Asperiores doloremque laboriosam dolores ut sit voluptas.', 'sit', 360766504, NULL, '2004-01-11 18:32:03', '1973-02-03 02:29:51');
INSERT INTO `media` (`id`, `media_type_id`, `user_id`, `body`, `filename`, `size`, `metadata`, `created_at`, `updated_at`) VALUES ('24', '3', '24', 'Aperiam omnis velit et et consequatur. Nesciunt reiciendis aut quasi perferendis quis deserunt quia.', 'blanditiis', 5346462, NULL, '1992-11-28 06:34:02', '2008-10-01 20:12:34');
INSERT INTO `media` (`id`, `media_type_id`, `user_id`, `body`, `filename`, `size`, `metadata`, `created_at`, `updated_at`) VALUES ('25', '1', '25', 'Velit illum aut aut nemo deserunt ad. Voluptatem praesentium inventore libero.', 'aliquam', 24, NULL, '2007-09-21 12:53:29', '1978-04-06 04:17:36');
INSERT INTO `media` (`id`, `media_type_id`, `user_id`, `body`, `filename`, `size`, `metadata`, `created_at`, `updated_at`) VALUES ('26', '2', '26', 'Dolor et voluptas temporibus. Est fugiat quia aut laudantium quae est ut. Et est deleniti voluptatem numquam doloribus impedit voluptatum praesentium.', 'exercitationem', 952, NULL, '1975-05-10 12:23:20', '2017-07-21 14:40:21');
INSERT INTO `media` (`id`, `media_type_id`, `user_id`, `body`, `filename`, `size`, `metadata`, `created_at`, `updated_at`) VALUES ('27', '3', '27', 'Quis at error iusto inventore nihil nam. Illo corporis ipsam quae deleniti illo quo. Fuga sit laudantium harum qui consequatur. Qui quaerat natus libero quae.', 'perferendis', 0, NULL, '2000-03-06 02:36:17', '2008-09-30 05:39:10');
INSERT INTO `media` (`id`, `media_type_id`, `user_id`, `body`, `filename`, `size`, `metadata`, `created_at`, `updated_at`) VALUES ('28', '1', '28', 'Voluptates aut qui voluptates modi eum. Corporis enim velit et nulla. Nisi minima consequatur libero et eaque voluptatem.', 'error', 77, NULL, '2017-06-26 21:53:20', '1998-10-30 23:23:08');
INSERT INTO `media` (`id`, `media_type_id`, `user_id`, `body`, `filename`, `size`, `metadata`, `created_at`, `updated_at`) VALUES ('29', '2', '29', 'Tempora corporis laudantium voluptatibus sit nemo dolor voluptas. Voluptatem animi aut vero optio earum magnam dolorum. Maiores laboriosam eum et. Ab sunt impedit et. Et dolores voluptatum quia harum voluptatem.', 'et', 3, NULL, '1990-11-17 07:37:33', '2008-02-15 13:20:19');
INSERT INTO `media` (`id`, `media_type_id`, `user_id`, `body`, `filename`, `size`, `metadata`, `created_at`, `updated_at`) VALUES ('30', '3', '30', 'Maiores molestiae laboriosam provident incidunt veritatis. Ipsam blanditiis quasi dolore molestiae. Esse et fuga exercitationem est sunt omnis saepe.', 'explicabo', 69236842, NULL, '1978-04-21 11:41:20', '1981-11-27 14:04:32');
INSERT INTO `media` (`id`, `media_type_id`, `user_id`, `body`, `filename`, `size`, `metadata`, `created_at`, `updated_at`) VALUES ('31', '1', '31', 'Totam nam dolorem debitis eum. Asperiores aut eaque facilis corrupti. Sed autem qui voluptatem excepturi suscipit sit eum. Et harum quae fugiat neque. Atque excepturi aut sit dolor praesentium.', 'odit', 600590, NULL, '1980-01-22 19:09:24', '2016-04-30 01:03:53');
INSERT INTO `media` (`id`, `media_type_id`, `user_id`, `body`, `filename`, `size`, `metadata`, `created_at`, `updated_at`) VALUES ('32', '2', '32', 'Quis vitae distinctio voluptatem facilis maiores qui. Ab nihil cumque rem voluptatibus id cum deserunt. Quo et perferendis laudantium quia. Blanditiis quos maxime nisi. Nostrum atque rerum optio eum perspiciatis.', 'accusantium', 286, NULL, '1982-06-28 22:40:23', '1986-05-03 21:28:51');
INSERT INTO `media` (`id`, `media_type_id`, `user_id`, `body`, `filename`, `size`, `metadata`, `created_at`, `updated_at`) VALUES ('33', '3', '33', 'Ab aperiam qui delectus magnam fugiat consectetur exercitationem. Ea sint sed itaque odit cupiditate commodi. Neque harum et id optio nihil molestiae fugiat.', 'velit', 796, NULL, '2003-04-04 10:44:45', '1999-08-08 15:50:47');
INSERT INTO `media` (`id`, `media_type_id`, `user_id`, `body`, `filename`, `size`, `metadata`, `created_at`, `updated_at`) VALUES ('34', '1', '34', 'Voluptas repellendus consequatur maxime numquam quas tempore iusto. Sit dolorem quasi nostrum omnis accusantium. Pariatur voluptatem recusandae eos aspernatur ratione repudiandae qui aut. At sapiente sint nihil eos sit provident rerum.', 'eos', 31203648, NULL, '2018-01-23 15:25:11', '1978-12-19 17:53:06');
INSERT INTO `media` (`id`, `media_type_id`, `user_id`, `body`, `filename`, `size`, `metadata`, `created_at`, `updated_at`) VALUES ('35', '2', '35', 'Incidunt et a quidem aliquid cupiditate dolore. Omnis quas amet quis facere eligendi. Vitae consequatur omnis ex sit. Quibusdam et magni ullam repudiandae et quis architecto impedit.', 'corrupti', 1804, NULL, '2004-02-20 22:07:48', '1993-04-04 19:25:37');
INSERT INTO `media` (`id`, `media_type_id`, `user_id`, `body`, `filename`, `size`, `metadata`, `created_at`, `updated_at`) VALUES ('36', '3', '36', 'Rem quaerat totam nihil maxime sequi. Qui soluta quaerat unde consequatur necessitatibus. Eius fugit eveniet aut eveniet voluptas molestiae recusandae dolor.', 'odit', 0, NULL, '1994-08-29 22:18:22', '2003-08-15 19:32:31');
INSERT INTO `media` (`id`, `media_type_id`, `user_id`, `body`, `filename`, `size`, `metadata`, `created_at`, `updated_at`) VALUES ('37', '1', '37', 'Expedita sequi ipsum quaerat laborum nemo excepturi architecto qui. Quod eum totam non nihil in excepturi est. Quia rerum officia voluptate reprehenderit beatae saepe quis officiis. Sit aliquid et doloribus rem veniam quia ut ut. Tempora quia ad sed nam voluptatem quos illo.', 'non', 98962, NULL, '2009-07-30 21:27:11', '2002-07-30 15:13:44');
INSERT INTO `media` (`id`, `media_type_id`, `user_id`, `body`, `filename`, `size`, `metadata`, `created_at`, `updated_at`) VALUES ('38', '2', '38', 'Aut mollitia ut ducimus nemo quibusdam. Quo ea omnis error ad. Ut at dolorem at est. Aut ut amet facilis delectus qui harum.', 'et', 5294587, NULL, '1988-05-08 22:27:02', '1973-10-13 15:32:08');
INSERT INTO `media` (`id`, `media_type_id`, `user_id`, `body`, `filename`, `size`, `metadata`, `created_at`, `updated_at`) VALUES ('39', '3', '39', 'Maiores officia voluptatem aut fugiat consequuntur dolorum quas. Atque incidunt quibusdam nemo mollitia non. Dolorem ea beatae sit.', 'ratione', 0, NULL, '2009-12-22 06:59:22', '2016-09-25 23:20:43');
INSERT INTO `media` (`id`, `media_type_id`, `user_id`, `body`, `filename`, `size`, `metadata`, `created_at`, `updated_at`) VALUES ('40', '1', '40', 'Tempora architecto necessitatibus dolorum corporis est ipsum. Ullam animi possimus culpa cupiditate minima eos. Placeat enim ab omnis ea. Facilis iusto earum velit itaque.', 'minima', 10, NULL, '1993-09-15 12:40:08', '1990-09-15 22:52:20');
INSERT INTO `media` (`id`, `media_type_id`, `user_id`, `body`, `filename`, `size`, `metadata`, `created_at`, `updated_at`) VALUES ('41', '2', '41', 'Quasi sapiente quo ab accusamus vel modi architecto. Voluptas consequatur optio similique qui iste. Dolorum ut facere reprehenderit enim aliquam voluptatem. Delectus vel voluptas optio sed nihil libero voluptatem. Ut nemo autem quasi ut ducimus et fugit.', 'rerum', 422131, NULL, '1996-10-04 07:47:50', '1985-09-24 08:04:43');
INSERT INTO `media` (`id`, `media_type_id`, `user_id`, `body`, `filename`, `size`, `metadata`, `created_at`, `updated_at`) VALUES ('42', '3', '42', 'Qui dolorum non pariatur aliquid deserunt ut architecto et. Ut quisquam rerum consequuntur eveniet voluptatem quis dolorum ipsa. Illum nulla eum eveniet reiciendis error autem quis.', 'animi', 9044970, NULL, '1996-03-07 07:20:35', '2005-10-26 03:29:30');
INSERT INTO `media` (`id`, `media_type_id`, `user_id`, `body`, `filename`, `size`, `metadata`, `created_at`, `updated_at`) VALUES ('43', '1', '43', 'Aspernatur dolore dolore magnam est alias. Quos nisi sunt facere dolorem. Est vero iure veniam sit architecto.', 'ea', 5, NULL, '2001-07-10 21:58:59', '1987-10-24 22:16:56');
INSERT INTO `media` (`id`, `media_type_id`, `user_id`, `body`, `filename`, `size`, `metadata`, `created_at`, `updated_at`) VALUES ('44', '2', '44', 'Velit nulla nobis in a sit iusto nam. Autem dicta sunt ab labore molestiae nesciunt. Earum officiis enim ut illo pariatur maiores nisi rem.', 'dolor', 1, NULL, '2014-12-12 16:29:11', '1999-02-14 06:26:40');
INSERT INTO `media` (`id`, `media_type_id`, `user_id`, `body`, `filename`, `size`, `metadata`, `created_at`, `updated_at`) VALUES ('45', '3', '45', 'Sit voluptas iusto ut. Fugit rerum alias dolor est. Vero sit suscipit consequatur.', 'animi', 28663, NULL, '2000-07-06 18:42:25', '1975-12-15 16:49:45');
INSERT INTO `media` (`id`, `media_type_id`, `user_id`, `body`, `filename`, `size`, `metadata`, `created_at`, `updated_at`) VALUES ('46', '1', '46', 'Earum corporis molestiae vitae sapiente tempore animi aperiam. Iusto qui quo illo quia odio sint. Repellat nisi suscipit aut voluptatem inventore vero magni et. Numquam quaerat vero ut laudantium ut.', 'aut', 0, NULL, '2004-12-13 16:09:48', '1979-01-11 01:29:33');
INSERT INTO `media` (`id`, `media_type_id`, `user_id`, `body`, `filename`, `size`, `metadata`, `created_at`, `updated_at`) VALUES ('47', '2', '47', 'Ut et atque magni earum. Voluptatum ullam aperiam quo voluptates architecto aut. Quo ducimus qui iure sit.', 'qui', 327871567, NULL, '2013-03-16 14:48:18', '2004-08-19 11:23:21');
INSERT INTO `media` (`id`, `media_type_id`, `user_id`, `body`, `filename`, `size`, `metadata`, `created_at`, `updated_at`) VALUES ('48', '3', '48', 'Autem voluptatem provident est illum sed occaecati voluptatem ipsa. Repudiandae fugit expedita harum iste sint. Dignissimos autem unde sit aut magni delectus harum.', 'culpa', 0, NULL, '2008-03-06 05:32:12', '1975-06-26 23:49:06');
INSERT INTO `media` (`id`, `media_type_id`, `user_id`, `body`, `filename`, `size`, `metadata`, `created_at`, `updated_at`) VALUES ('49', '1', '49', 'Vitae quas ducimus illum cupiditate est qui nesciunt. Ut praesentium et et dolor autem eligendi.', 'illum', 188, NULL, '2006-02-28 02:31:52', '1972-11-11 12:34:01');
INSERT INTO `media` (`id`, `media_type_id`, `user_id`, `body`, `filename`, `size`, `metadata`, `created_at`, `updated_at`) VALUES ('50', '2', '50', 'Voluptate possimus eligendi nisi reprehenderit cumque rerum vel. Sequi est qui placeat aut tenetur dolor. Voluptas necessitatibus quidem quaerat ex.', 'eius', 17535741, NULL, '1992-07-04 02:48:15', '1997-12-16 08:23:08');
INSERT INTO `media` (`id`, `media_type_id`, `user_id`, `body`, `filename`, `size`, `metadata`, `created_at`, `updated_at`) VALUES ('51', '3', '51', 'Ratione et fugit officia voluptate sit consequuntur et. Blanditiis fuga corrupti optio. Sunt repellat laudantium rerum quisquam.', 'consequatur', 213219927, NULL, '2000-11-04 11:56:03', '2018-03-02 10:36:08');
INSERT INTO `media` (`id`, `media_type_id`, `user_id`, `body`, `filename`, `size`, `metadata`, `created_at`, `updated_at`) VALUES ('52', '1', '52', 'Ut distinctio facere praesentium est consequuntur. Iusto eos a non eius voluptatum et qui et. Vitae magni recusandae accusantium quod. Earum culpa at culpa non hic non quo. Quis in consequatur distinctio quae maxime vel sint atque.', 'amet', 0, NULL, '1970-05-05 21:25:24', '1993-07-09 13:40:29');
INSERT INTO `media` (`id`, `media_type_id`, `user_id`, `body`, `filename`, `size`, `metadata`, `created_at`, `updated_at`) VALUES ('53', '2', '53', 'Nemo eligendi ut molestias repellendus. Qui necessitatibus consequatur illo. At quia omnis omnis nihil magni sit veniam.', 'rerum', 827, NULL, '1975-08-19 12:08:55', '1992-08-24 05:01:09');
INSERT INTO `media` (`id`, `media_type_id`, `user_id`, `body`, `filename`, `size`, `metadata`, `created_at`, `updated_at`) VALUES ('54', '3', '54', 'Non et nobis ea placeat nemo recusandae quibusdam. Fuga mollitia odio illo. Dolores ratione qui voluptatem maxime saepe.', 'quia', 640, NULL, '1976-12-29 06:05:51', '2010-07-19 05:04:01');
INSERT INTO `media` (`id`, `media_type_id`, `user_id`, `body`, `filename`, `size`, `metadata`, `created_at`, `updated_at`) VALUES ('55', '1', '55', 'Et facere nobis sit vero a consequatur harum est. Rerum asperiores dolorem accusantium. Id dolores et alias unde molestiae id.', 'iusto', 74370, NULL, '1991-09-02 21:31:32', '1980-12-30 02:34:50');
INSERT INTO `media` (`id`, `media_type_id`, `user_id`, `body`, `filename`, `size`, `metadata`, `created_at`, `updated_at`) VALUES ('56', '2', '56', 'Laborum iusto voluptatibus dolore corrupti. Eum non dolorem eos nobis consequatur. Voluptatem beatae quia aut expedita non perferendis. Aliquam facere dolores consequuntur excepturi.', 'sit', 83422814, NULL, '1995-09-29 19:38:03', '1990-11-19 14:49:02');
INSERT INTO `media` (`id`, `media_type_id`, `user_id`, `body`, `filename`, `size`, `metadata`, `created_at`, `updated_at`) VALUES ('57', '3', '57', 'Accusantium excepturi similique rerum optio est et. Aut saepe quo qui doloribus. Fugiat laudantium commodi autem quam totam.', 'animi', 0, NULL, '1978-10-07 11:28:03', '2004-09-03 01:28:33');
INSERT INTO `media` (`id`, `media_type_id`, `user_id`, `body`, `filename`, `size`, `metadata`, `created_at`, `updated_at`) VALUES ('58', '1', '58', 'Minus ullam ipsam blanditiis quas neque voluptatem quasi dicta. Molestiae est nam iure dignissimos accusamus molestiae.', 'suscipit', 0, NULL, '2017-05-25 08:11:09', '1993-03-06 12:47:39');
INSERT INTO `media` (`id`, `media_type_id`, `user_id`, `body`, `filename`, `size`, `metadata`, `created_at`, `updated_at`) VALUES ('59', '2', '59', 'Reprehenderit est esse molestiae dolores. Possimus error laudantium odio est harum doloremque ipsa. Necessitatibus ut fugit maxime quo consequuntur sapiente reiciendis et. Et aut rem enim temporibus quas repellat.', 'sit', 30798, NULL, '1990-05-31 04:37:53', '1987-10-03 14:48:42');
INSERT INTO `media` (`id`, `media_type_id`, `user_id`, `body`, `filename`, `size`, `metadata`, `created_at`, `updated_at`) VALUES ('60', '3', '60', 'Consequatur provident doloribus error magni tenetur quia. Exercitationem ab non sint illum blanditiis. Aperiam omnis natus aspernatur corrupti consequatur.', 'iste', 344015, NULL, '2006-10-15 16:25:09', '2013-12-06 21:24:13');
INSERT INTO `media` (`id`, `media_type_id`, `user_id`, `body`, `filename`, `size`, `metadata`, `created_at`, `updated_at`) VALUES ('61', '1', '61', 'Numquam possimus voluptas hic quos. Qui velit earum quis laborum doloribus velit laboriosam. Quia quo est quia voluptatem. Dolorem quia libero iusto ab quibusdam quia. Similique in pariatur reiciendis eaque est perspiciatis.', 'illo', 25551242, NULL, '1994-12-31 01:28:43', '1976-02-27 19:41:50');
INSERT INTO `media` (`id`, `media_type_id`, `user_id`, `body`, `filename`, `size`, `metadata`, `created_at`, `updated_at`) VALUES ('62', '2', '62', 'Blanditiis at inventore debitis suscipit aut est. Qui qui enim necessitatibus optio velit repellendus.', 'reiciendis', 0, NULL, '2019-03-21 04:26:50', '1995-06-11 06:56:11');
INSERT INTO `media` (`id`, `media_type_id`, `user_id`, `body`, `filename`, `size`, `metadata`, `created_at`, `updated_at`) VALUES ('63', '3', '63', 'Aperiam rerum veniam magnam. Alias deleniti eum sapiente corporis impedit est.', 'in', 652098324, NULL, '1981-08-16 00:27:09', '2001-10-16 08:14:42');
INSERT INTO `media` (`id`, `media_type_id`, `user_id`, `body`, `filename`, `size`, `metadata`, `created_at`, `updated_at`) VALUES ('64', '1', '64', 'Magnam consectetur occaecati perspiciatis itaque. Consequuntur non deserunt quod dolores unde. Illum molestiae voluptas vel aperiam voluptas. Accusamus voluptatem quaerat ducimus sint in et ea ad.', 'esse', 9863356, NULL, '1995-10-30 19:47:59', '2017-07-25 22:17:43');
INSERT INTO `media` (`id`, `media_type_id`, `user_id`, `body`, `filename`, `size`, `metadata`, `created_at`, `updated_at`) VALUES ('65', '2', '65', 'Earum et ipsam et rerum rem velit eligendi. Id deleniti atque consequatur non omnis ex ducimus. Aut sed earum labore explicabo molestiae provident expedita nemo. Quia asperiores aliquid corporis laborum est.', 'aliquid', 1, NULL, '2012-06-09 20:01:37', '2016-02-04 13:34:21');
INSERT INTO `media` (`id`, `media_type_id`, `user_id`, `body`, `filename`, `size`, `metadata`, `created_at`, `updated_at`) VALUES ('66', '3', '66', 'Magnam dolorem necessitatibus tempore. Natus possimus est a assumenda dignissimos. Ullam similique placeat laboriosam aut sint.', 'dicta', 84839, NULL, '1997-06-06 10:13:25', '1990-03-17 05:11:31');
INSERT INTO `media` (`id`, `media_type_id`, `user_id`, `body`, `filename`, `size`, `metadata`, `created_at`, `updated_at`) VALUES ('67', '1', '67', 'Id voluptatum inventore saepe non in. Velit praesentium ullam esse. Eos consequuntur eos soluta laudantium non eveniet maiores fugit.', 'et', 78, NULL, '1999-05-05 17:57:55', '1970-08-20 08:19:48');
INSERT INTO `media` (`id`, `media_type_id`, `user_id`, `body`, `filename`, `size`, `metadata`, `created_at`, `updated_at`) VALUES ('68', '2', '68', 'Saepe iure hic incidunt. Ducimus est consequatur est vero officiis. Possimus ullam eum quas delectus sit voluptates vero.', 'dolor', 34, NULL, '2000-08-29 16:33:53', '2000-04-19 15:44:48');
INSERT INTO `media` (`id`, `media_type_id`, `user_id`, `body`, `filename`, `size`, `metadata`, `created_at`, `updated_at`) VALUES ('69', '3', '69', 'Numquam aut quia sunt voluptatem dolore enim in. Provident minima ut sed quia. Itaque et consequatur quibusdam voluptas delectus perspiciatis. Et maiores cupiditate non minus earum maiores reiciendis eligendi.', 'atque', 799, NULL, '2016-01-26 05:47:35', '2013-09-14 12:08:14');
INSERT INTO `media` (`id`, `media_type_id`, `user_id`, `body`, `filename`, `size`, `metadata`, `created_at`, `updated_at`) VALUES ('70', '1', '70', 'Facilis voluptatum quia dolorem aut. Rerum aut architecto distinctio exercitationem. Velit aut quo vitae aut natus in vel. Occaecati quos quidem quo quam nihil maiores dignissimos. Ab dolore unde qui nisi.', 'quia', 612, NULL, '1977-02-23 12:46:09', '1998-08-30 16:09:39');
INSERT INTO `media` (`id`, `media_type_id`, `user_id`, `body`, `filename`, `size`, `metadata`, `created_at`, `updated_at`) VALUES ('71', '2', '71', 'Deserunt incidunt nihil tempora aut similique. Dolores perspiciatis quaerat molestiae et quia id et. Ea mollitia et perferendis officia nemo.', 'provident', 712, NULL, '2016-12-31 11:48:05', '1997-06-20 23:10:16');
INSERT INTO `media` (`id`, `media_type_id`, `user_id`, `body`, `filename`, `size`, `metadata`, `created_at`, `updated_at`) VALUES ('72', '3', '72', 'Quis amet non non omnis dignissimos labore itaque aut. Vero ipsa earum et autem laboriosam dolores neque. Vero aspernatur ducimus iure cumque. Voluptas aut quo enim eaque et similique. Animi molestias distinctio consequatur voluptates.', 'eveniet', 50572, NULL, '1994-05-07 00:41:04', '1994-11-09 05:15:44');
INSERT INTO `media` (`id`, `media_type_id`, `user_id`, `body`, `filename`, `size`, `metadata`, `created_at`, `updated_at`) VALUES ('73', '1', '73', 'Itaque ut quod ut iste reiciendis. Quibusdam sit consequatur libero numquam accusantium enim. Voluptatem in sint aliquam quae exercitationem sunt.', 'ut', 13, NULL, '1976-07-16 09:41:38', '1979-09-15 21:26:50');
INSERT INTO `media` (`id`, `media_type_id`, `user_id`, `body`, `filename`, `size`, `metadata`, `created_at`, `updated_at`) VALUES ('74', '2', '74', 'Architecto sint placeat nisi autem et ea. Sit ex quo temporibus deserunt cum. Beatae qui libero dignissimos ut nihil ut iste. Rerum et nam esse illum odit delectus id.', 'incidunt', 36525, NULL, '1990-10-22 06:41:34', '1988-09-18 10:50:48');
INSERT INTO `media` (`id`, `media_type_id`, `user_id`, `body`, `filename`, `size`, `metadata`, `created_at`, `updated_at`) VALUES ('75', '3', '75', 'Dolores nihil qui sit consequatur ut alias. Laboriosam id enim in tempora. Consequatur voluptate numquam nulla eum nobis molestiae occaecati. Natus dolor dicta quos qui dicta.', 'voluptatem', 94, NULL, '2016-01-06 16:39:10', '1979-04-03 03:32:13');
INSERT INTO `media` (`id`, `media_type_id`, `user_id`, `body`, `filename`, `size`, `metadata`, `created_at`, `updated_at`) VALUES ('76', '1', '76', 'Nesciunt aperiam molestias recusandae maxime. Consectetur et aut iure excepturi tempora. Dolore consequatur doloribus delectus ad incidunt.', 'repudiandae', 134005328, NULL, '1985-03-18 18:50:53', '2003-03-07 15:30:31');
INSERT INTO `media` (`id`, `media_type_id`, `user_id`, `body`, `filename`, `size`, `metadata`, `created_at`, `updated_at`) VALUES ('77', '2', '77', 'Ipsam non corrupti tempore minima et repudiandae aspernatur voluptatibus. Consequatur ipsa velit distinctio rerum. Molestiae itaque quibusdam qui eum.', 'vel', 93, NULL, '1996-04-15 15:05:51', '2001-11-06 14:08:31');
INSERT INTO `media` (`id`, `media_type_id`, `user_id`, `body`, `filename`, `size`, `metadata`, `created_at`, `updated_at`) VALUES ('78', '3', '78', 'Et optio consequatur iusto. Commodi et mollitia sint voluptas blanditiis qui sit. Et omnis qui modi qui aliquam voluptatem sunt.', 'velit', 8, NULL, '1987-12-04 14:11:59', '2012-10-26 19:56:20');
INSERT INTO `media` (`id`, `media_type_id`, `user_id`, `body`, `filename`, `size`, `metadata`, `created_at`, `updated_at`) VALUES ('79', '1', '79', 'Dolores inventore doloribus tenetur vel qui vel. Vero et voluptas quam.', 'odit', 48444669, NULL, '2016-08-29 02:17:31', '2009-01-03 03:01:57');
INSERT INTO `media` (`id`, `media_type_id`, `user_id`, `body`, `filename`, `size`, `metadata`, `created_at`, `updated_at`) VALUES ('80', '2', '80', 'Doloribus asperiores ut autem quis consequuntur hic. Cumque iure amet et consequatur.', 'et', 1092, NULL, '2005-11-23 21:11:57', '1999-08-19 16:57:26');
INSERT INTO `media` (`id`, `media_type_id`, `user_id`, `body`, `filename`, `size`, `metadata`, `created_at`, `updated_at`) VALUES ('81', '3', '81', 'Aut esse necessitatibus eveniet cupiditate. Omnis consequatur saepe et ut officia. Quo ipsum cumque ad ratione qui accusamus. Sed assumenda est quo exercitationem aut dignissimos iste.', 'deserunt', 6826, NULL, '2006-11-22 19:30:18', '2014-02-19 19:03:46');
INSERT INTO `media` (`id`, `media_type_id`, `user_id`, `body`, `filename`, `size`, `metadata`, `created_at`, `updated_at`) VALUES ('82', '1', '82', 'Quo molestiae fuga nesciunt et. Ut id nihil praesentium sunt perspiciatis. Ut rerum aspernatur blanditiis accusantium et harum id. Est omnis harum eius excepturi excepturi numquam quisquam.', 'quis', 219671, NULL, '1978-11-01 12:26:56', '2001-07-13 09:47:09');
INSERT INTO `media` (`id`, `media_type_id`, `user_id`, `body`, `filename`, `size`, `metadata`, `created_at`, `updated_at`) VALUES ('83', '2', '83', 'Itaque ut debitis sit recusandae quos quae exercitationem ipsam. Illum hic sapiente laborum ea voluptatem similique. Eligendi harum ut recusandae consequatur vel quis eveniet praesentium. Sapiente eos ab quia.', 'sit', 38611, NULL, '2018-06-26 03:01:25', '1980-08-27 23:45:01');
INSERT INTO `media` (`id`, `media_type_id`, `user_id`, `body`, `filename`, `size`, `metadata`, `created_at`, `updated_at`) VALUES ('84', '3', '84', 'Ea suscipit culpa aut ut. Et ut laboriosam nihil rerum sapiente expedita delectus. Sint ut quia recusandae aperiam rerum similique.', 'iste', 614657, NULL, '1996-11-21 07:44:33', '2009-04-18 18:20:01');
INSERT INTO `media` (`id`, `media_type_id`, `user_id`, `body`, `filename`, `size`, `metadata`, `created_at`, `updated_at`) VALUES ('85', '1', '85', 'Et enim quia eligendi vel hic ut dolore architecto. Atque ipsam non voluptatem sint ullam adipisci. Qui consectetur dolor et ipsum eos aut. Odio quasi facilis corporis delectus non delectus.', 'aut', 0, NULL, '2007-01-13 00:17:53', '1994-11-13 20:39:57');
INSERT INTO `media` (`id`, `media_type_id`, `user_id`, `body`, `filename`, `size`, `metadata`, `created_at`, `updated_at`) VALUES ('86', '2', '86', 'Vitae omnis sint excepturi. Laborum nobis voluptatem quidem non unde. Qui distinctio ea minima ut voluptates.', 'reiciendis', 14642, NULL, '1994-09-06 22:13:00', '1972-01-25 04:20:49');
INSERT INTO `media` (`id`, `media_type_id`, `user_id`, `body`, `filename`, `size`, `metadata`, `created_at`, `updated_at`) VALUES ('87', '3', '87', 'Veniam minima soluta excepturi aspernatur voluptate incidunt. Quo asperiores placeat tempora nihil et. Quia temporibus veritatis aut maxime dolor optio dolorem. Dignissimos iure ut exercitationem architecto totam ut labore.', 'possimus', 4724, NULL, '2017-07-11 06:14:10', '2015-08-31 13:13:10');
INSERT INTO `media` (`id`, `media_type_id`, `user_id`, `body`, `filename`, `size`, `metadata`, `created_at`, `updated_at`) VALUES ('88', '1', '88', 'Voluptates dolorem et voluptatem eos. Aut tenetur expedita vel repudiandae dicta delectus ullam. Voluptatem et consectetur nobis numquam. Eum quia laboriosam omnis quasi.', 'voluptas', 5166760, NULL, '2018-04-19 15:40:24', '1976-11-18 06:04:06');
INSERT INTO `media` (`id`, `media_type_id`, `user_id`, `body`, `filename`, `size`, `metadata`, `created_at`, `updated_at`) VALUES ('89', '2', '89', 'Et rem enim ratione. Omnis nesciunt aut voluptatibus consequatur sit eos sequi.', 'et', 8, NULL, '1970-08-08 16:59:03', '2002-06-03 04:05:04');
INSERT INTO `media` (`id`, `media_type_id`, `user_id`, `body`, `filename`, `size`, `metadata`, `created_at`, `updated_at`) VALUES ('90', '3', '90', 'Est perferendis et veritatis minus quasi beatae autem. Provident qui velit saepe nulla saepe atque. Eaque praesentium architecto rerum dolor cum. Suscipit esse qui sunt.', 'incidunt', 2349, NULL, '1988-03-20 04:17:52', '2019-03-12 12:06:21');
INSERT INTO `media` (`id`, `media_type_id`, `user_id`, `body`, `filename`, `size`, `metadata`, `created_at`, `updated_at`) VALUES ('91', '1', '91', 'Commodi error deserunt qui sit quam ullam. Ea ipsa harum perspiciatis consequatur aut nisi ex. Dolor in aliquam ad ipsam eum. Temporibus possimus saepe sunt debitis aut velit. Dolorem quasi qui et mollitia aut et aut quisquam.', 'commodi', 49, NULL, '1978-06-29 23:21:58', '1984-06-22 17:18:08');
INSERT INTO `media` (`id`, `media_type_id`, `user_id`, `body`, `filename`, `size`, `metadata`, `created_at`, `updated_at`) VALUES ('92', '2', '92', 'Quo similique dicta et. Aliquam et rerum consectetur dolorem voluptatem ex totam. Eveniet dolor dignissimos itaque consequatur aliquam numquam illum. Placeat sit at cupiditate officia in repellat.', 'sint', 577650, NULL, '2005-10-30 03:57:21', '1995-10-03 23:21:21');
INSERT INTO `media` (`id`, `media_type_id`, `user_id`, `body`, `filename`, `size`, `metadata`, `created_at`, `updated_at`) VALUES ('93', '3', '93', 'Illum et asperiores aspernatur vel tempora odit ab. Praesentium maiores sapiente sit eum nam libero ipsam nesciunt. Id beatae assumenda magnam aperiam.', 'culpa', 1892, NULL, '2014-07-22 04:49:52', '2003-03-12 03:50:07');
INSERT INTO `media` (`id`, `media_type_id`, `user_id`, `body`, `filename`, `size`, `metadata`, `created_at`, `updated_at`) VALUES ('94', '1', '94', 'Nisi accusantium quia ipsum reprehenderit non quos. Delectus dolore illo tenetur vel officia ad. Incidunt est reiciendis quia suscipit. Qui omnis repellendus est veniam nemo ut.', 'quod', 10276, NULL, '1978-02-04 19:17:08', '1989-09-17 06:47:01');
INSERT INTO `media` (`id`, `media_type_id`, `user_id`, `body`, `filename`, `size`, `metadata`, `created_at`, `updated_at`) VALUES ('95', '2', '95', 'Amet quos laboriosam placeat et eaque voluptatibus. Temporibus unde vero tenetur ex. Commodi eum voluptatem alias nulla non quo aliquam. Quam sed quas magni incidunt dolore.', 'odit', 4, NULL, '2010-08-20 19:08:00', '2013-08-17 18:18:13');
INSERT INTO `media` (`id`, `media_type_id`, `user_id`, `body`, `filename`, `size`, `metadata`, `created_at`, `updated_at`) VALUES ('96', '3', '96', 'Occaecati inventore quo quidem voluptas sint. Non et quo omnis voluptatem. Repudiandae magni nisi eum corporis alias quo. Quia similique dolore incidunt rerum et laboriosam facilis velit.', 'ut', 0, NULL, '1993-09-11 10:50:54', '1975-10-07 22:22:08');
INSERT INTO `media` (`id`, `media_type_id`, `user_id`, `body`, `filename`, `size`, `metadata`, `created_at`, `updated_at`) VALUES ('97', '1', '97', 'Doloremque ipsum omnis eum est consectetur et. Aut nam voluptates doloribus molestias optio et. Aut minus odit iste dolorem distinctio. Perspiciatis eos voluptate modi aut. Recusandae quibusdam et quos excepturi repudiandae recusandae.', 'molestias', 16221, NULL, '1998-11-01 05:29:20', '2012-07-19 10:05:55');
INSERT INTO `media` (`id`, `media_type_id`, `user_id`, `body`, `filename`, `size`, `metadata`, `created_at`, `updated_at`) VALUES ('98', '2', '98', 'Harum id quia quam ut. Qui magni debitis ut cupiditate. Est minima velit quis consequatur modi similique rerum. Fugit molestiae dolore corporis necessitatibus odit quibusdam qui.', 'repellat', 5258921, NULL, '2011-12-22 21:14:47', '2010-05-16 13:47:27');
INSERT INTO `media` (`id`, `media_type_id`, `user_id`, `body`, `filename`, `size`, `metadata`, `created_at`, `updated_at`) VALUES ('99', '3', '99', 'Veniam facere molestiae libero veritatis. Laboriosam sed nobis iure fugit aut rerum libero. Voluptate est consequatur atque similique ea.', 'sit', 5210, NULL, '1978-11-18 11:30:14', '1977-10-11 02:45:16');
INSERT INTO `media` (`id`, `media_type_id`, `user_id`, `body`, `filename`, `size`, `metadata`, `created_at`, `updated_at`) VALUES ('100', '1', '100', 'Cum eveniet et hic rerum quas esse nam. Consequuntur et architecto corrupti exercitationem eligendi. Id voluptatibus esse tempore tenetur dolore voluptas. Accusantium dicta vel repudiandae aut voluptas eum.', 'repellendus', 246500, NULL, '1970-04-22 12:17:07', '2001-12-24 21:43:46');


#
# TABLE: photo_albums
#

INSERT INTO `photo_albums` (`id`, `name`, `user_id`) VALUES ('1', 'accusamus', '1');
INSERT INTO `photo_albums` (`id`, `name`, `user_id`) VALUES ('2', 'eum', '2');
INSERT INTO `photo_albums` (`id`, `name`, `user_id`) VALUES ('3', 'minus', '3');
INSERT INTO `photo_albums` (`id`, `name`, `user_id`) VALUES ('4', 'quisquam', '4');
INSERT INTO `photo_albums` (`id`, `name`, `user_id`) VALUES ('5', 'alias', '5');
INSERT INTO `photo_albums` (`id`, `name`, `user_id`) VALUES ('6', 'natus', '6');
INSERT INTO `photo_albums` (`id`, `name`, `user_id`) VALUES ('7', 'quia', '7');
INSERT INTO `photo_albums` (`id`, `name`, `user_id`) VALUES ('8', 'doloribus', '8');
INSERT INTO `photo_albums` (`id`, `name`, `user_id`) VALUES ('9', 'impedit', '9');
INSERT INTO `photo_albums` (`id`, `name`, `user_id`) VALUES ('10', 'assumenda', '10');
INSERT INTO `photo_albums` (`id`, `name`, `user_id`) VALUES ('11', 'voluptas', '11');
INSERT INTO `photo_albums` (`id`, `name`, `user_id`) VALUES ('12', 'in', '12');
INSERT INTO `photo_albums` (`id`, `name`, `user_id`) VALUES ('13', 'assumenda', '13');
INSERT INTO `photo_albums` (`id`, `name`, `user_id`) VALUES ('14', 'aut', '14');
INSERT INTO `photo_albums` (`id`, `name`, `user_id`) VALUES ('15', 'sit', '15');
INSERT INTO `photo_albums` (`id`, `name`, `user_id`) VALUES ('16', 'tempore', '16');
INSERT INTO `photo_albums` (`id`, `name`, `user_id`) VALUES ('17', 'iusto', '17');
INSERT INTO `photo_albums` (`id`, `name`, `user_id`) VALUES ('18', 'dolor', '18');
INSERT INTO `photo_albums` (`id`, `name`, `user_id`) VALUES ('19', 'deleniti', '19');
INSERT INTO `photo_albums` (`id`, `name`, `user_id`) VALUES ('20', 'amet', '20');
INSERT INTO `photo_albums` (`id`, `name`, `user_id`) VALUES ('21', 'aut', '21');
INSERT INTO `photo_albums` (`id`, `name`, `user_id`) VALUES ('22', 'temporibus', '22');
INSERT INTO `photo_albums` (`id`, `name`, `user_id`) VALUES ('23', 'autem', '23');
INSERT INTO `photo_albums` (`id`, `name`, `user_id`) VALUES ('24', 'et', '24');
INSERT INTO `photo_albums` (`id`, `name`, `user_id`) VALUES ('25', 'nemo', '25');
INSERT INTO `photo_albums` (`id`, `name`, `user_id`) VALUES ('26', 'aut', '26');
INSERT INTO `photo_albums` (`id`, `name`, `user_id`) VALUES ('27', 'voluptas', '27');
INSERT INTO `photo_albums` (`id`, `name`, `user_id`) VALUES ('28', 'qui', '28');
INSERT INTO `photo_albums` (`id`, `name`, `user_id`) VALUES ('29', 'praesentium', '29');
INSERT INTO `photo_albums` (`id`, `name`, `user_id`) VALUES ('30', 'laboriosam', '30');
INSERT INTO `photo_albums` (`id`, `name`, `user_id`) VALUES ('31', 'reiciendis', '31');
INSERT INTO `photo_albums` (`id`, `name`, `user_id`) VALUES ('32', 'blanditiis', '32');
INSERT INTO `photo_albums` (`id`, `name`, `user_id`) VALUES ('33', 'placeat', '33');
INSERT INTO `photo_albums` (`id`, `name`, `user_id`) VALUES ('34', 'assumenda', '34');
INSERT INTO `photo_albums` (`id`, `name`, `user_id`) VALUES ('35', 'quia', '35');
INSERT INTO `photo_albums` (`id`, `name`, `user_id`) VALUES ('36', 'fugit', '36');
INSERT INTO `photo_albums` (`id`, `name`, `user_id`) VALUES ('37', 'omnis', '37');
INSERT INTO `photo_albums` (`id`, `name`, `user_id`) VALUES ('38', 'accusantium', '38');
INSERT INTO `photo_albums` (`id`, `name`, `user_id`) VALUES ('39', 'in', '39');
INSERT INTO `photo_albums` (`id`, `name`, `user_id`) VALUES ('40', 'necessitatibus', '40');
INSERT INTO `photo_albums` (`id`, `name`, `user_id`) VALUES ('41', 'commodi', '41');
INSERT INTO `photo_albums` (`id`, `name`, `user_id`) VALUES ('42', 'optio', '42');
INSERT INTO `photo_albums` (`id`, `name`, `user_id`) VALUES ('43', 'corporis', '43');
INSERT INTO `photo_albums` (`id`, `name`, `user_id`) VALUES ('44', 'harum', '44');
INSERT INTO `photo_albums` (`id`, `name`, `user_id`) VALUES ('45', 'sed', '45');
INSERT INTO `photo_albums` (`id`, `name`, `user_id`) VALUES ('46', 'id', '46');
INSERT INTO `photo_albums` (`id`, `name`, `user_id`) VALUES ('47', 'ea', '47');
INSERT INTO `photo_albums` (`id`, `name`, `user_id`) VALUES ('48', 'illum', '48');
INSERT INTO `photo_albums` (`id`, `name`, `user_id`) VALUES ('49', 'maiores', '49');
INSERT INTO `photo_albums` (`id`, `name`, `user_id`) VALUES ('50', 'numquam', '50');
INSERT INTO `photo_albums` (`id`, `name`, `user_id`) VALUES ('51', 'suscipit', '51');
INSERT INTO `photo_albums` (`id`, `name`, `user_id`) VALUES ('52', 'perferendis', '52');
INSERT INTO `photo_albums` (`id`, `name`, `user_id`) VALUES ('53', 'architecto', '53');
INSERT INTO `photo_albums` (`id`, `name`, `user_id`) VALUES ('54', 'voluptates', '54');
INSERT INTO `photo_albums` (`id`, `name`, `user_id`) VALUES ('55', 'minima', '55');
INSERT INTO `photo_albums` (`id`, `name`, `user_id`) VALUES ('56', 'porro', '56');
INSERT INTO `photo_albums` (`id`, `name`, `user_id`) VALUES ('57', 'odio', '57');
INSERT INTO `photo_albums` (`id`, `name`, `user_id`) VALUES ('58', 'perspiciatis', '58');
INSERT INTO `photo_albums` (`id`, `name`, `user_id`) VALUES ('59', 'fuga', '59');
INSERT INTO `photo_albums` (`id`, `name`, `user_id`) VALUES ('60', 'voluptas', '60');
INSERT INTO `photo_albums` (`id`, `name`, `user_id`) VALUES ('61', 'accusantium', '61');
INSERT INTO `photo_albums` (`id`, `name`, `user_id`) VALUES ('62', 'a', '62');
INSERT INTO `photo_albums` (`id`, `name`, `user_id`) VALUES ('63', 'ullam', '63');
INSERT INTO `photo_albums` (`id`, `name`, `user_id`) VALUES ('64', 'ducimus', '64');
INSERT INTO `photo_albums` (`id`, `name`, `user_id`) VALUES ('65', 'consequatur', '65');
INSERT INTO `photo_albums` (`id`, `name`, `user_id`) VALUES ('66', 'omnis', '66');
INSERT INTO `photo_albums` (`id`, `name`, `user_id`) VALUES ('67', 'soluta', '67');
INSERT INTO `photo_albums` (`id`, `name`, `user_id`) VALUES ('68', 'totam', '68');
INSERT INTO `photo_albums` (`id`, `name`, `user_id`) VALUES ('69', 'nihil', '69');
INSERT INTO `photo_albums` (`id`, `name`, `user_id`) VALUES ('70', 'error', '70');
INSERT INTO `photo_albums` (`id`, `name`, `user_id`) VALUES ('71', 'sequi', '71');
INSERT INTO `photo_albums` (`id`, `name`, `user_id`) VALUES ('72', 'natus', '72');
INSERT INTO `photo_albums` (`id`, `name`, `user_id`) VALUES ('73', 'ea', '73');
INSERT INTO `photo_albums` (`id`, `name`, `user_id`) VALUES ('74', 'velit', '74');
INSERT INTO `photo_albums` (`id`, `name`, `user_id`) VALUES ('75', 'porro', '75');
INSERT INTO `photo_albums` (`id`, `name`, `user_id`) VALUES ('76', 'pariatur', '76');
INSERT INTO `photo_albums` (`id`, `name`, `user_id`) VALUES ('77', 'eum', '77');
INSERT INTO `photo_albums` (`id`, `name`, `user_id`) VALUES ('78', 'tempore', '78');
INSERT INTO `photo_albums` (`id`, `name`, `user_id`) VALUES ('79', 'cupiditate', '79');
INSERT INTO `photo_albums` (`id`, `name`, `user_id`) VALUES ('80', 'tenetur', '80');
INSERT INTO `photo_albums` (`id`, `name`, `user_id`) VALUES ('81', 'ut', '81');
INSERT INTO `photo_albums` (`id`, `name`, `user_id`) VALUES ('82', 'nobis', '82');
INSERT INTO `photo_albums` (`id`, `name`, `user_id`) VALUES ('83', 'illum', '83');
INSERT INTO `photo_albums` (`id`, `name`, `user_id`) VALUES ('84', 'sint', '84');
INSERT INTO `photo_albums` (`id`, `name`, `user_id`) VALUES ('85', 'sed', '85');
INSERT INTO `photo_albums` (`id`, `name`, `user_id`) VALUES ('86', 'accusantium', '86');
INSERT INTO `photo_albums` (`id`, `name`, `user_id`) VALUES ('87', 'doloremque', '87');
INSERT INTO `photo_albums` (`id`, `name`, `user_id`) VALUES ('88', 'quas', '88');
INSERT INTO `photo_albums` (`id`, `name`, `user_id`) VALUES ('89', 'vitae', '89');
INSERT INTO `photo_albums` (`id`, `name`, `user_id`) VALUES ('90', 'fuga', '90');
INSERT INTO `photo_albums` (`id`, `name`, `user_id`) VALUES ('91', 'est', '91');
INSERT INTO `photo_albums` (`id`, `name`, `user_id`) VALUES ('92', 'qui', '92');
INSERT INTO `photo_albums` (`id`, `name`, `user_id`) VALUES ('93', 'accusamus', '93');
INSERT INTO `photo_albums` (`id`, `name`, `user_id`) VALUES ('94', 'officia', '94');
INSERT INTO `photo_albums` (`id`, `name`, `user_id`) VALUES ('95', 'adipisci', '95');
INSERT INTO `photo_albums` (`id`, `name`, `user_id`) VALUES ('96', 'aliquam', '96');
INSERT INTO `photo_albums` (`id`, `name`, `user_id`) VALUES ('97', 'ut', '97');
INSERT INTO `photo_albums` (`id`, `name`, `user_id`) VALUES ('98', 'rerum', '98');
INSERT INTO `photo_albums` (`id`, `name`, `user_id`) VALUES ('99', 'excepturi', '99');
INSERT INTO `photo_albums` (`id`, `name`, `user_id`) VALUES ('100', 'autem', '100');


#
# TABLE: photos
#

INSERT INTO `photos` (`id`, `album_id`, `media_id`) VALUES ('1', '1', '1');
INSERT INTO `photos` (`id`, `album_id`, `media_id`) VALUES ('2', '2', '2');
INSERT INTO `photos` (`id`, `album_id`, `media_id`) VALUES ('3', '3', '3');
INSERT INTO `photos` (`id`, `album_id`, `media_id`) VALUES ('4', '4', '4');
INSERT INTO `photos` (`id`, `album_id`, `media_id`) VALUES ('5', '5', '5');
INSERT INTO `photos` (`id`, `album_id`, `media_id`) VALUES ('6', '6', '6');
INSERT INTO `photos` (`id`, `album_id`, `media_id`) VALUES ('7', '7', '7');
INSERT INTO `photos` (`id`, `album_id`, `media_id`) VALUES ('8', '8', '8');
INSERT INTO `photos` (`id`, `album_id`, `media_id`) VALUES ('9', '9', '9');
INSERT INTO `photos` (`id`, `album_id`, `media_id`) VALUES ('10', '10', '10');
INSERT INTO `photos` (`id`, `album_id`, `media_id`) VALUES ('11', '11', '11');
INSERT INTO `photos` (`id`, `album_id`, `media_id`) VALUES ('12', '12', '12');
INSERT INTO `photos` (`id`, `album_id`, `media_id`) VALUES ('13', '13', '13');
INSERT INTO `photos` (`id`, `album_id`, `media_id`) VALUES ('14', '14', '14');
INSERT INTO `photos` (`id`, `album_id`, `media_id`) VALUES ('15', '15', '15');
INSERT INTO `photos` (`id`, `album_id`, `media_id`) VALUES ('16', '16', '16');
INSERT INTO `photos` (`id`, `album_id`, `media_id`) VALUES ('17', '17', '17');
INSERT INTO `photos` (`id`, `album_id`, `media_id`) VALUES ('18', '18', '18');
INSERT INTO `photos` (`id`, `album_id`, `media_id`) VALUES ('19', '19', '19');
INSERT INTO `photos` (`id`, `album_id`, `media_id`) VALUES ('20', '20', '20');
INSERT INTO `photos` (`id`, `album_id`, `media_id`) VALUES ('21', '21', '21');
INSERT INTO `photos` (`id`, `album_id`, `media_id`) VALUES ('22', '22', '22');
INSERT INTO `photos` (`id`, `album_id`, `media_id`) VALUES ('23', '23', '23');
INSERT INTO `photos` (`id`, `album_id`, `media_id`) VALUES ('24', '24', '24');
INSERT INTO `photos` (`id`, `album_id`, `media_id`) VALUES ('25', '25', '25');
INSERT INTO `photos` (`id`, `album_id`, `media_id`) VALUES ('26', '26', '26');
INSERT INTO `photos` (`id`, `album_id`, `media_id`) VALUES ('27', '27', '27');
INSERT INTO `photos` (`id`, `album_id`, `media_id`) VALUES ('28', '28', '28');
INSERT INTO `photos` (`id`, `album_id`, `media_id`) VALUES ('29', '29', '29');
INSERT INTO `photos` (`id`, `album_id`, `media_id`) VALUES ('30', '30', '30');
INSERT INTO `photos` (`id`, `album_id`, `media_id`) VALUES ('31', '31', '31');
INSERT INTO `photos` (`id`, `album_id`, `media_id`) VALUES ('32', '32', '32');
INSERT INTO `photos` (`id`, `album_id`, `media_id`) VALUES ('33', '33', '33');
INSERT INTO `photos` (`id`, `album_id`, `media_id`) VALUES ('34', '34', '34');
INSERT INTO `photos` (`id`, `album_id`, `media_id`) VALUES ('35', '35', '35');
INSERT INTO `photos` (`id`, `album_id`, `media_id`) VALUES ('36', '36', '36');
INSERT INTO `photos` (`id`, `album_id`, `media_id`) VALUES ('37', '37', '37');
INSERT INTO `photos` (`id`, `album_id`, `media_id`) VALUES ('38', '38', '38');
INSERT INTO `photos` (`id`, `album_id`, `media_id`) VALUES ('39', '39', '39');
INSERT INTO `photos` (`id`, `album_id`, `media_id`) VALUES ('40', '40', '40');
INSERT INTO `photos` (`id`, `album_id`, `media_id`) VALUES ('41', '41', '41');
INSERT INTO `photos` (`id`, `album_id`, `media_id`) VALUES ('42', '42', '42');
INSERT INTO `photos` (`id`, `album_id`, `media_id`) VALUES ('43', '43', '43');
INSERT INTO `photos` (`id`, `album_id`, `media_id`) VALUES ('44', '44', '44');
INSERT INTO `photos` (`id`, `album_id`, `media_id`) VALUES ('45', '45', '45');
INSERT INTO `photos` (`id`, `album_id`, `media_id`) VALUES ('46', '46', '46');
INSERT INTO `photos` (`id`, `album_id`, `media_id`) VALUES ('47', '47', '47');
INSERT INTO `photos` (`id`, `album_id`, `media_id`) VALUES ('48', '48', '48');
INSERT INTO `photos` (`id`, `album_id`, `media_id`) VALUES ('49', '49', '49');
INSERT INTO `photos` (`id`, `album_id`, `media_id`) VALUES ('50', '50', '50');
INSERT INTO `photos` (`id`, `album_id`, `media_id`) VALUES ('51', '51', '51');
INSERT INTO `photos` (`id`, `album_id`, `media_id`) VALUES ('52', '52', '52');
INSERT INTO `photos` (`id`, `album_id`, `media_id`) VALUES ('53', '53', '53');
INSERT INTO `photos` (`id`, `album_id`, `media_id`) VALUES ('54', '54', '54');
INSERT INTO `photos` (`id`, `album_id`, `media_id`) VALUES ('55', '55', '55');
INSERT INTO `photos` (`id`, `album_id`, `media_id`) VALUES ('56', '56', '56');
INSERT INTO `photos` (`id`, `album_id`, `media_id`) VALUES ('57', '57', '57');
INSERT INTO `photos` (`id`, `album_id`, `media_id`) VALUES ('58', '58', '58');
INSERT INTO `photos` (`id`, `album_id`, `media_id`) VALUES ('59', '59', '59');
INSERT INTO `photos` (`id`, `album_id`, `media_id`) VALUES ('60', '60', '60');
INSERT INTO `photos` (`id`, `album_id`, `media_id`) VALUES ('61', '61', '61');
INSERT INTO `photos` (`id`, `album_id`, `media_id`) VALUES ('62', '62', '62');
INSERT INTO `photos` (`id`, `album_id`, `media_id`) VALUES ('63', '63', '63');
INSERT INTO `photos` (`id`, `album_id`, `media_id`) VALUES ('64', '64', '64');
INSERT INTO `photos` (`id`, `album_id`, `media_id`) VALUES ('65', '65', '65');
INSERT INTO `photos` (`id`, `album_id`, `media_id`) VALUES ('66', '66', '66');
INSERT INTO `photos` (`id`, `album_id`, `media_id`) VALUES ('67', '67', '67');
INSERT INTO `photos` (`id`, `album_id`, `media_id`) VALUES ('68', '68', '68');
INSERT INTO `photos` (`id`, `album_id`, `media_id`) VALUES ('69', '69', '69');
INSERT INTO `photos` (`id`, `album_id`, `media_id`) VALUES ('70', '70', '70');
INSERT INTO `photos` (`id`, `album_id`, `media_id`) VALUES ('71', '71', '71');
INSERT INTO `photos` (`id`, `album_id`, `media_id`) VALUES ('72', '72', '72');
INSERT INTO `photos` (`id`, `album_id`, `media_id`) VALUES ('73', '73', '73');
INSERT INTO `photos` (`id`, `album_id`, `media_id`) VALUES ('74', '74', '74');
INSERT INTO `photos` (`id`, `album_id`, `media_id`) VALUES ('75', '75', '75');
INSERT INTO `photos` (`id`, `album_id`, `media_id`) VALUES ('76', '76', '76');
INSERT INTO `photos` (`id`, `album_id`, `media_id`) VALUES ('77', '77', '77');
INSERT INTO `photos` (`id`, `album_id`, `media_id`) VALUES ('78', '78', '78');
INSERT INTO `photos` (`id`, `album_id`, `media_id`) VALUES ('79', '79', '79');
INSERT INTO `photos` (`id`, `album_id`, `media_id`) VALUES ('80', '80', '80');
INSERT INTO `photos` (`id`, `album_id`, `media_id`) VALUES ('81', '81', '81');
INSERT INTO `photos` (`id`, `album_id`, `media_id`) VALUES ('82', '82', '82');
INSERT INTO `photos` (`id`, `album_id`, `media_id`) VALUES ('83', '83', '83');
INSERT INTO `photos` (`id`, `album_id`, `media_id`) VALUES ('84', '84', '84');
INSERT INTO `photos` (`id`, `album_id`, `media_id`) VALUES ('85', '85', '85');
INSERT INTO `photos` (`id`, `album_id`, `media_id`) VALUES ('86', '86', '86');
INSERT INTO `photos` (`id`, `album_id`, `media_id`) VALUES ('87', '87', '87');
INSERT INTO `photos` (`id`, `album_id`, `media_id`) VALUES ('88', '88', '88');
INSERT INTO `photos` (`id`, `album_id`, `media_id`) VALUES ('89', '89', '89');
INSERT INTO `photos` (`id`, `album_id`, `media_id`) VALUES ('90', '90', '90');
INSERT INTO `photos` (`id`, `album_id`, `media_id`) VALUES ('91', '91', '91');
INSERT INTO `photos` (`id`, `album_id`, `media_id`) VALUES ('92', '92', '92');
INSERT INTO `photos` (`id`, `album_id`, `media_id`) VALUES ('93', '93', '93');
INSERT INTO `photos` (`id`, `album_id`, `media_id`) VALUES ('94', '94', '94');
INSERT INTO `photos` (`id`, `album_id`, `media_id`) VALUES ('95', '95', '95');
INSERT INTO `photos` (`id`, `album_id`, `media_id`) VALUES ('96', '96', '96');
INSERT INTO `photos` (`id`, `album_id`, `media_id`) VALUES ('97', '97', '97');
INSERT INTO `photos` (`id`, `album_id`, `media_id`) VALUES ('98', '98', '98');
INSERT INTO `photos` (`id`, `album_id`, `media_id`) VALUES ('99', '99', '99');
INSERT INTO `photos` (`id`, `album_id`, `media_id`) VALUES ('100', '100', '100');

#
# TABLE: likes
#

INSERT INTO `likes` (`id`, `user_id`, `media_id`, `created_at`) VALUES ('1', '1', '1', '1991-05-29 21:29:45');
INSERT INTO `likes` (`id`, `user_id`, `media_id`, `created_at`) VALUES ('2', '2', '2', '2015-09-03 18:12:32');
INSERT INTO `likes` (`id`, `user_id`, `media_id`, `created_at`) VALUES ('3', '3', '3', '2013-01-27 16:20:32');
INSERT INTO `likes` (`id`, `user_id`, `media_id`, `created_at`) VALUES ('4', '4', '4', '1989-05-12 05:50:40');
INSERT INTO `likes` (`id`, `user_id`, `media_id`, `created_at`) VALUES ('5', '5', '5', '1970-08-01 23:43:12');
INSERT INTO `likes` (`id`, `user_id`, `media_id`, `created_at`) VALUES ('6', '6', '6', '1980-04-28 15:27:17');
INSERT INTO `likes` (`id`, `user_id`, `media_id`, `created_at`) VALUES ('7', '7', '7', '2007-08-12 03:33:48');
INSERT INTO `likes` (`id`, `user_id`, `media_id`, `created_at`) VALUES ('8', '8', '8', '1974-02-25 21:13:18');
INSERT INTO `likes` (`id`, `user_id`, `media_id`, `created_at`) VALUES ('9', '9', '9', '1992-06-18 22:53:42');
INSERT INTO `likes` (`id`, `user_id`, `media_id`, `created_at`) VALUES ('10', '10', '10', '1993-03-10 12:59:17');
INSERT INTO `likes` (`id`, `user_id`, `media_id`, `created_at`) VALUES ('11', '11', '11', '1975-10-22 20:07:43');
INSERT INTO `likes` (`id`, `user_id`, `media_id`, `created_at`) VALUES ('12', '12', '12', '1982-11-05 16:51:05');
INSERT INTO `likes` (`id`, `user_id`, `media_id`, `created_at`) VALUES ('13', '13', '13', '1977-04-07 07:42:27');
INSERT INTO `likes` (`id`, `user_id`, `media_id`, `created_at`) VALUES ('14', '14', '14', '1981-04-28 22:28:37');
INSERT INTO `likes` (`id`, `user_id`, `media_id`, `created_at`) VALUES ('15', '15', '15', '2006-08-22 05:46:19');
INSERT INTO `likes` (`id`, `user_id`, `media_id`, `created_at`) VALUES ('16', '16', '16', '2003-05-16 10:07:43');
INSERT INTO `likes` (`id`, `user_id`, `media_id`, `created_at`) VALUES ('17', '17', '17', '2019-07-28 09:11:10');
INSERT INTO `likes` (`id`, `user_id`, `media_id`, `created_at`) VALUES ('18', '18', '18', '1990-07-17 05:45:14');
INSERT INTO `likes` (`id`, `user_id`, `media_id`, `created_at`) VALUES ('19', '19', '19', '1989-02-07 15:10:47');
INSERT INTO `likes` (`id`, `user_id`, `media_id`, `created_at`) VALUES ('20', '20', '20', '2013-11-19 23:12:14');
INSERT INTO `likes` (`id`, `user_id`, `media_id`, `created_at`) VALUES ('21', '21', '21', '2017-01-29 23:30:51');
INSERT INTO `likes` (`id`, `user_id`, `media_id`, `created_at`) VALUES ('22', '22', '22', '1997-07-05 08:13:51');
INSERT INTO `likes` (`id`, `user_id`, `media_id`, `created_at`) VALUES ('23', '23', '23', '2009-12-01 13:15:48');
INSERT INTO `likes` (`id`, `user_id`, `media_id`, `created_at`) VALUES ('24', '24', '24', '1984-07-06 14:39:01');
INSERT INTO `likes` (`id`, `user_id`, `media_id`, `created_at`) VALUES ('25', '25', '25', '2013-01-28 13:46:45');
INSERT INTO `likes` (`id`, `user_id`, `media_id`, `created_at`) VALUES ('26', '26', '26', '1986-12-03 04:14:08');
INSERT INTO `likes` (`id`, `user_id`, `media_id`, `created_at`) VALUES ('27', '27', '27', '1980-11-15 20:21:51');
INSERT INTO `likes` (`id`, `user_id`, `media_id`, `created_at`) VALUES ('28', '28', '28', '2013-07-29 13:16:46');
INSERT INTO `likes` (`id`, `user_id`, `media_id`, `created_at`) VALUES ('29', '29', '29', '1980-04-15 15:26:33');
INSERT INTO `likes` (`id`, `user_id`, `media_id`, `created_at`) VALUES ('30', '30', '30', '2001-01-07 09:17:03');
INSERT INTO `likes` (`id`, `user_id`, `media_id`, `created_at`) VALUES ('31', '31', '31', '1975-11-15 00:31:55');
INSERT INTO `likes` (`id`, `user_id`, `media_id`, `created_at`) VALUES ('32', '32', '32', '2000-08-08 00:07:31');
INSERT INTO `likes` (`id`, `user_id`, `media_id`, `created_at`) VALUES ('33', '33', '33', '2005-04-04 00:35:10');
INSERT INTO `likes` (`id`, `user_id`, `media_id`, `created_at`) VALUES ('34', '34', '34', '1983-05-14 00:57:43');
INSERT INTO `likes` (`id`, `user_id`, `media_id`, `created_at`) VALUES ('35', '35', '35', '2012-05-21 05:12:05');
INSERT INTO `likes` (`id`, `user_id`, `media_id`, `created_at`) VALUES ('36', '36', '36', '1970-02-24 11:05:11');
INSERT INTO `likes` (`id`, `user_id`, `media_id`, `created_at`) VALUES ('37', '37', '37', '2000-11-03 04:01:34');
INSERT INTO `likes` (`id`, `user_id`, `media_id`, `created_at`) VALUES ('38', '38', '38', '1974-07-26 00:33:46');
INSERT INTO `likes` (`id`, `user_id`, `media_id`, `created_at`) VALUES ('39', '39', '39', '1986-01-19 19:13:04');
INSERT INTO `likes` (`id`, `user_id`, `media_id`, `created_at`) VALUES ('40', '40', '40', '2006-02-28 02:11:42');
INSERT INTO `likes` (`id`, `user_id`, `media_id`, `created_at`) VALUES ('41', '41', '41', '2016-02-27 11:40:24');
INSERT INTO `likes` (`id`, `user_id`, `media_id`, `created_at`) VALUES ('42', '42', '42', '1978-06-20 19:46:49');
INSERT INTO `likes` (`id`, `user_id`, `media_id`, `created_at`) VALUES ('43', '43', '43', '1995-08-05 02:36:18');
INSERT INTO `likes` (`id`, `user_id`, `media_id`, `created_at`) VALUES ('44', '44', '44', '2008-11-24 22:56:45');
INSERT INTO `likes` (`id`, `user_id`, `media_id`, `created_at`) VALUES ('45', '45', '45', '1981-08-08 08:56:10');
INSERT INTO `likes` (`id`, `user_id`, `media_id`, `created_at`) VALUES ('46', '46', '46', '1985-01-06 05:14:24');
INSERT INTO `likes` (`id`, `user_id`, `media_id`, `created_at`) VALUES ('47', '47', '47', '1999-04-06 12:28:24');
INSERT INTO `likes` (`id`, `user_id`, `media_id`, `created_at`) VALUES ('48', '48', '48', '2001-10-09 20:08:31');
INSERT INTO `likes` (`id`, `user_id`, `media_id`, `created_at`) VALUES ('49', '49', '49', '1987-10-30 21:45:34');
INSERT INTO `likes` (`id`, `user_id`, `media_id`, `created_at`) VALUES ('50', '50', '50', '2016-12-15 15:25:14');
INSERT INTO `likes` (`id`, `user_id`, `media_id`, `created_at`) VALUES ('51', '51', '51', '1984-12-13 20:50:05');
INSERT INTO `likes` (`id`, `user_id`, `media_id`, `created_at`) VALUES ('52', '52', '52', '2010-12-01 04:36:14');
INSERT INTO `likes` (`id`, `user_id`, `media_id`, `created_at`) VALUES ('53', '53', '53', '1974-03-30 02:18:09');
INSERT INTO `likes` (`id`, `user_id`, `media_id`, `created_at`) VALUES ('54', '54', '54', '1986-08-05 17:13:23');
INSERT INTO `likes` (`id`, `user_id`, `media_id`, `created_at`) VALUES ('55', '55', '55', '1997-12-23 23:02:23');
INSERT INTO `likes` (`id`, `user_id`, `media_id`, `created_at`) VALUES ('56', '56', '56', '1976-12-11 03:40:29');
INSERT INTO `likes` (`id`, `user_id`, `media_id`, `created_at`) VALUES ('57', '57', '57', '1980-06-03 10:09:33');
INSERT INTO `likes` (`id`, `user_id`, `media_id`, `created_at`) VALUES ('58', '58', '58', '1973-12-06 18:05:20');
INSERT INTO `likes` (`id`, `user_id`, `media_id`, `created_at`) VALUES ('59', '59', '59', '1989-07-05 21:05:40');
INSERT INTO `likes` (`id`, `user_id`, `media_id`, `created_at`) VALUES ('60', '60', '60', '1983-03-12 06:33:48');
INSERT INTO `likes` (`id`, `user_id`, `media_id`, `created_at`) VALUES ('61', '61', '61', '1973-02-12 05:57:40');
INSERT INTO `likes` (`id`, `user_id`, `media_id`, `created_at`) VALUES ('62', '62', '62', '1971-12-31 21:04:10');
INSERT INTO `likes` (`id`, `user_id`, `media_id`, `created_at`) VALUES ('63', '63', '63', '2003-12-29 05:58:41');
INSERT INTO `likes` (`id`, `user_id`, `media_id`, `created_at`) VALUES ('64', '64', '64', '1975-05-22 04:33:46');
INSERT INTO `likes` (`id`, `user_id`, `media_id`, `created_at`) VALUES ('65', '65', '65', '2006-07-03 20:42:11');
INSERT INTO `likes` (`id`, `user_id`, `media_id`, `created_at`) VALUES ('66', '66', '66', '2000-07-21 14:09:25');
INSERT INTO `likes` (`id`, `user_id`, `media_id`, `created_at`) VALUES ('67', '67', '67', '1994-10-07 20:15:45');
INSERT INTO `likes` (`id`, `user_id`, `media_id`, `created_at`) VALUES ('68', '68', '68', '1978-06-01 18:00:51');
INSERT INTO `likes` (`id`, `user_id`, `media_id`, `created_at`) VALUES ('69', '69', '69', '2008-06-20 13:13:06');
INSERT INTO `likes` (`id`, `user_id`, `media_id`, `created_at`) VALUES ('70', '70', '70', '2018-07-06 06:43:02');
INSERT INTO `likes` (`id`, `user_id`, `media_id`, `created_at`) VALUES ('71', '71', '71', '1981-01-26 00:04:20');
INSERT INTO `likes` (`id`, `user_id`, `media_id`, `created_at`) VALUES ('72', '72', '72', '1999-02-19 09:44:51');
INSERT INTO `likes` (`id`, `user_id`, `media_id`, `created_at`) VALUES ('73', '73', '73', '1985-08-27 08:27:16');
INSERT INTO `likes` (`id`, `user_id`, `media_id`, `created_at`) VALUES ('74', '74', '74', '2019-01-17 12:41:04');
INSERT INTO `likes` (`id`, `user_id`, `media_id`, `created_at`) VALUES ('75', '75', '75', '1999-10-19 23:35:23');
INSERT INTO `likes` (`id`, `user_id`, `media_id`, `created_at`) VALUES ('76', '76', '76', '1994-10-05 16:39:10');
INSERT INTO `likes` (`id`, `user_id`, `media_id`, `created_at`) VALUES ('77', '77', '77', '2009-04-20 15:27:47');
INSERT INTO `likes` (`id`, `user_id`, `media_id`, `created_at`) VALUES ('78', '78', '78', '2015-03-20 17:37:56');
INSERT INTO `likes` (`id`, `user_id`, `media_id`, `created_at`) VALUES ('79', '79', '79', '1996-04-06 18:30:41');
INSERT INTO `likes` (`id`, `user_id`, `media_id`, `created_at`) VALUES ('80', '80', '80', '1973-02-25 19:29:13');
INSERT INTO `likes` (`id`, `user_id`, `media_id`, `created_at`) VALUES ('81', '81', '81', '2003-12-19 03:58:17');
INSERT INTO `likes` (`id`, `user_id`, `media_id`, `created_at`) VALUES ('82', '82', '82', '1985-01-17 01:15:51');
INSERT INTO `likes` (`id`, `user_id`, `media_id`, `created_at`) VALUES ('83', '83', '83', '1995-07-02 11:18:51');
INSERT INTO `likes` (`id`, `user_id`, `media_id`, `created_at`) VALUES ('84', '84', '84', '2014-12-06 01:24:19');
INSERT INTO `likes` (`id`, `user_id`, `media_id`, `created_at`) VALUES ('85', '85', '85', '1985-10-21 10:44:18');
INSERT INTO `likes` (`id`, `user_id`, `media_id`, `created_at`) VALUES ('86', '86', '86', '2004-02-28 16:19:17');
INSERT INTO `likes` (`id`, `user_id`, `media_id`, `created_at`) VALUES ('87', '87', '87', '2019-08-28 11:47:49');
INSERT INTO `likes` (`id`, `user_id`, `media_id`, `created_at`) VALUES ('88', '88', '88', '1984-06-18 07:10:01');
INSERT INTO `likes` (`id`, `user_id`, `media_id`, `created_at`) VALUES ('89', '89', '89', '1993-06-24 09:17:34');
INSERT INTO `likes` (`id`, `user_id`, `media_id`, `created_at`) VALUES ('90', '90', '90', '1983-10-02 11:17:09');
INSERT INTO `likes` (`id`, `user_id`, `media_id`, `created_at`) VALUES ('91', '91', '91', '1971-06-28 14:11:46');
INSERT INTO `likes` (`id`, `user_id`, `media_id`, `created_at`) VALUES ('92', '92', '92', '1984-06-01 23:07:47');
INSERT INTO `likes` (`id`, `user_id`, `media_id`, `created_at`) VALUES ('93', '93', '93', '1977-09-08 17:42:48');
INSERT INTO `likes` (`id`, `user_id`, `media_id`, `created_at`) VALUES ('94', '94', '94', '2005-08-11 10:59:47');
INSERT INTO `likes` (`id`, `user_id`, `media_id`, `created_at`) VALUES ('95', '95', '95', '2011-04-06 10:05:58');
INSERT INTO `likes` (`id`, `user_id`, `media_id`, `created_at`) VALUES ('96', '96', '96', '1996-09-16 00:58:06');
INSERT INTO `likes` (`id`, `user_id`, `media_id`, `created_at`) VALUES ('97', '97', '97', '2016-10-28 03:08:52');
INSERT INTO `likes` (`id`, `user_id`, `media_id`, `created_at`) VALUES ('98', '98', '98', '1985-04-05 15:13:35');
INSERT INTO `likes` (`id`, `user_id`, `media_id`, `created_at`) VALUES ('99', '99', '99', '2017-06-04 10:20:45');
INSERT INTO `likes` (`id`, `user_id`, `media_id`, `created_at`) VALUES ('100', '100', '100', '1974-03-12 15:43:03');





